"","x"
"1","ASV_440"
"2","ASV_61"
"3","ASV_508"
"4","ASV_899"
"5","ASV_1187"
"6","ASV_1447"
"7","ASV_870"
"8","ASV_726"
"9","ASV_840"
"10","ASV_1111"
"11","ASV_2396"
"12","ASV_2957"
"13","ASV_799"
"14","ASV_1815"
"15","ASV_1564"
"16","ASV_206"
"17","ASV_1540"
"18","ASV_423"
"19","ASV_239"
"20","ASV_322"
"21","ASV_702"
"22","ASV_1981"
"23","ASV_320"
"24","ASV_323"
"25","ASV_464"
"26","ASV_498"
"27","ASV_1322"
"28","ASV_2061"
"29","ASV_2235"
"30","ASV_1546"
"31","ASV_1816"
"32","ASV_5575"
"33","ASV_369"
"34","ASV_934"
"35","ASV_965"
"36","ASV_1265"
"37","ASV_1306"
"38","ASV_1809"
"39","ASV_1918"
"40","ASV_1047"
"41","ASV_1704"
"42","ASV_1735"
"43","ASV_2240"
"44","ASV_709"
"45","ASV_725"
"46","ASV_1056"
"47","ASV_1136"
"48","ASV_1205"
"49","ASV_1337"
"50","ASV_1382"
"51","ASV_1403"
"52","ASV_2288"
"53","ASV_3278"
"54","ASV_3361"
"55","ASV_3514"
"56","ASV_201"
"57","ASV_290"
"58","ASV_341"
"59","ASV_657"
"60","ASV_720"
"61","ASV_1110"
"62","ASV_1213"
"63","ASV_1286"
"64","ASV_1343"
"65","ASV_1346"
"66","ASV_1591"
"67","ASV_1982"
"68","ASV_2041"
"69","ASV_2124"
"70","ASV_2284"
"71","ASV_2296"
"72","ASV_2443"
"73","ASV_3166"
"74","ASV_417"
"75","ASV_500"
"76","ASV_668"
"77","ASV_932"
"78","ASV_1032"
"79","ASV_1081"
"80","ASV_1152"
"81","ASV_1182"
"82","ASV_1712"
"83","ASV_1823"
"84","ASV_1988"
"85","ASV_2026"
"86","ASV_2266"
"87","ASV_2361"
"88","ASV_2479"
"89","ASV_2610"
"90","ASV_2737"
"91","ASV_3003"
"92","ASV_3376"
"93","ASV_3529"
"94","ASV_3626"
"95","ASV_360"
"96","ASV_552"
"97","ASV_611"
"98","ASV_787"
"99","ASV_868"
"100","ASV_1277"
"101","ASV_1320"
"102","ASV_1725"
"103","ASV_1737"
"104","ASV_2025"
"105","ASV_2048"
"106","ASV_2056"
"107","ASV_2073"
"108","ASV_2108"
"109","ASV_2325"
"110","ASV_2428"
"111","ASV_2514"
"112","ASV_2629"
"113","ASV_3155"
"114","ASV_3227"
"115","ASV_3334"
"116","ASV_466"
"117","ASV_745"
"118","ASV_768"
"119","ASV_1283"
"120","ASV_1856"
"121","ASV_1879"
"122","ASV_1950"
"123","ASV_2099"
"124","ASV_2155"
"125","ASV_2289"
"126","ASV_2316"
"127","ASV_2337"
"128","ASV_2368"
"129","ASV_2405"
"130","ASV_2995"
"131","ASV_3163"
"132","ASV_3541"
"133","ASV_3544"
"134","ASV_3574"
"135","ASV_3702"
"136","ASV_4639"
"137","ASV_4867"
"138","ASV_5148"
"139","ASV_6322"
"140","ASV_537"
"141","ASV_862"
"142","ASV_912"
"143","ASV_1067"
"144","ASV_1073"
"145","ASV_1208"
"146","ASV_1335"
"147","ASV_1597"
"148","ASV_1703"
"149","ASV_1837"
"150","ASV_1949"
"151","ASV_1972"
"152","ASV_2007"
"153","ASV_2136"
"154","ASV_2141"
"155","ASV_2216"
"156","ASV_2230"
"157","ASV_2254"
"158","ASV_2395"
"159","ASV_2719"
"160","ASV_2767"
"161","ASV_2866"
"162","ASV_2886"
"163","ASV_2891"
"164","ASV_2895"
"165","ASV_2924"
"166","ASV_3043"
"167","ASV_3086"
"168","ASV_3244"
"169","ASV_3675"
"170","ASV_3698"
"171","ASV_4084"
"172","ASV_4153"
"173","ASV_4213"
"174","ASV_4496"
"175","ASV_4553"
"176","ASV_4605"
"177","ASV_4628"
"178","ASV_4998"
"179","ASV_6044"
"180","ASV_6956"
"181","ASV_7817"
"182","ASV_546"
"183","ASV_582"
"184","ASV_793"
"185","ASV_853"
"186","ASV_872"
"187","ASV_1023"
"188","ASV_1061"
"189","ASV_1139"
"190","ASV_1151"
"191","ASV_1194"
"192","ASV_1259"
"193","ASV_1271"
"194","ASV_1370"
"195","ASV_1445"
"196","ASV_1456"
"197","ASV_1535"
"198","ASV_1592"
"199","ASV_1621"
"200","ASV_1629"
"201","ASV_1718"
"202","ASV_1813"
"203","ASV_1835"
"204","ASV_1851"
"205","ASV_1938"
"206","ASV_1944"
"207","ASV_2022"
"208","ASV_2107"
"209","ASV_2133"
"210","ASV_2145"
"211","ASV_2153"
"212","ASV_2182"
"213","ASV_2205"
"214","ASV_2208"
"215","ASV_2243"
"216","ASV_2307"
"217","ASV_2369"
"218","ASV_2386"
"219","ASV_2429"
"220","ASV_2447"
"221","ASV_2485"
"222","ASV_2496"
"223","ASV_2569"
"224","ASV_2661"
"225","ASV_2671"
"226","ASV_2778"
"227","ASV_2824"
"228","ASV_2861"
"229","ASV_2975"
"230","ASV_3072"
"231","ASV_3093"
"232","ASV_3327"
"233","ASV_3330"
"234","ASV_3347"
"235","ASV_3362"
"236","ASV_3567"
"237","ASV_3685"
"238","ASV_4003"
"239","ASV_4112"
"240","ASV_4204"
"241","ASV_4229"
"242","ASV_4270"
"243","ASV_4365"
"244","ASV_4541"
"245","ASV_4569"
"246","ASV_4683"
"247","ASV_4937"
"248","ASV_5595"
"249","ASV_6048"
"250","ASV_6324"
"251","ASV_6990"
"252","ASV_9343"
"253","ASV_609"
"254","ASV_733"
"255","ASV_783"
"256","ASV_989"
"257","ASV_1016"
"258","ASV_1202"
"259","ASV_1239"
"260","ASV_1409"
"261","ASV_1432"
"262","ASV_1644"
"263","ASV_1668"
"264","ASV_1673"
"265","ASV_1678"
"266","ASV_1681"
"267","ASV_1694"
"268","ASV_1714"
"269","ASV_1773"
"270","ASV_1778"
"271","ASV_1817"
"272","ASV_1889"
"273","ASV_1992"
"274","ASV_2029"
"275","ASV_2069"
"276","ASV_2082"
"277","ASV_2083"
"278","ASV_2260"
"279","ASV_2281"
"280","ASV_2286"
"281","ASV_2290"
"282","ASV_2301"
"283","ASV_2329"
"284","ASV_2353"
"285","ASV_2390"
"286","ASV_2508"
"287","ASV_2560"
"288","ASV_2651"
"289","ASV_2667"
"290","ASV_2668"
"291","ASV_2717"
"292","ASV_2733"
"293","ASV_2797"
"294","ASV_2801"
"295","ASV_2882"
"296","ASV_3023"
"297","ASV_3028"
"298","ASV_3152"
"299","ASV_3162"
"300","ASV_3191"
"301","ASV_3215"
"302","ASV_3333"
"303","ASV_3338"
"304","ASV_3349"
"305","ASV_3413"
"306","ASV_3420"
"307","ASV_3440"
"308","ASV_3495"
"309","ASV_3515"
"310","ASV_3581"
"311","ASV_3595"
"312","ASV_3611"
"313","ASV_3616"
"314","ASV_3660"
"315","ASV_3679"
"316","ASV_3713"
"317","ASV_3784"
"318","ASV_3789"
"319","ASV_3804"
"320","ASV_3844"
"321","ASV_3857"
"322","ASV_3858"
"323","ASV_3902"
"324","ASV_4011"
"325","ASV_4118"
"326","ASV_4125"
"327","ASV_4127"
"328","ASV_4336"
"329","ASV_4406"
"330","ASV_4413"
"331","ASV_4438"
"332","ASV_4495"
"333","ASV_4567"
"334","ASV_4657"
"335","ASV_4737"
"336","ASV_4808"
"337","ASV_4871"
"338","ASV_4967"
"339","ASV_5515"
"340","ASV_5860"
"341","ASV_5877"
"342","ASV_5952"
"343","ASV_5982"
"344","ASV_6298"
"345","ASV_6643"
"346","ASV_7741"
"347","ASV_7748"
"348","ASV_11744"
"349","ASV_212"
"350","ASV_286"
"351","ASV_563"
"352","ASV_707"
"353","ASV_836"
"354","ASV_855"
"355","ASV_894"
"356","ASV_902"
"357","ASV_922"
"358","ASV_1037"
"359","ASV_1123"
"360","ASV_1160"
"361","ASV_1278"
"362","ASV_1279"
"363","ASV_1292"
"364","ASV_1327"
"365","ASV_1328"
"366","ASV_1331"
"367","ASV_1362"
"368","ASV_1461"
"369","ASV_1471"
"370","ASV_1532"
"371","ASV_1560"
"372","ASV_1563"
"373","ASV_1612"
"374","ASV_1650"
"375","ASV_1682"
"376","ASV_1736"
"377","ASV_1744"
"378","ASV_1782"
"379","ASV_1798"
"380","ASV_1811"
"381","ASV_1824"
"382","ASV_1896"
"383","ASV_1908"
"384","ASV_1927"
"385","ASV_1967"
"386","ASV_1969"
"387","ASV_2012"
"388","ASV_2086"
"389","ASV_2090"
"390","ASV_2159"
"391","ASV_2179"
"392","ASV_2261"
"393","ASV_2269"
"394","ASV_2388"
"395","ASV_2458"
"396","ASV_2468"
"397","ASV_2482"
"398","ASV_2531"
"399","ASV_2532"
"400","ASV_2555"
"401","ASV_2568"
"402","ASV_2677"
"403","ASV_2679"
"404","ASV_2684"
"405","ASV_2698"
"406","ASV_2700"
"407","ASV_2715"
"408","ASV_2814"
"409","ASV_2817"
"410","ASV_2831"
"411","ASV_2852"
"412","ASV_2868"
"413","ASV_2892"
"414","ASV_2936"
"415","ASV_2949"
"416","ASV_2953"
"417","ASV_3032"
"418","ASV_3049"
"419","ASV_3073"
"420","ASV_3135"
"421","ASV_3137"
"422","ASV_3240"
"423","ASV_3299"
"424","ASV_3302"
"425","ASV_3312"
"426","ASV_3313"
"427","ASV_3328"
"428","ASV_3343"
"429","ASV_3366"
"430","ASV_3397"
"431","ASV_3441"
"432","ASV_3449"
"433","ASV_3451"
"434","ASV_3452"
"435","ASV_3465"
"436","ASV_3487"
"437","ASV_3503"
"438","ASV_3546"
"439","ASV_3564"
"440","ASV_3579"
"441","ASV_3627"
"442","ASV_3667"
"443","ASV_3694"
"444","ASV_3740"
"445","ASV_3747"
"446","ASV_3758"
"447","ASV_3786"
"448","ASV_3814"
"449","ASV_3817"
"450","ASV_3830"
"451","ASV_3886"
"452","ASV_3913"
"453","ASV_3918"
"454","ASV_3944"
"455","ASV_3972"
"456","ASV_3982"
"457","ASV_3993"
"458","ASV_4034"
"459","ASV_4054"
"460","ASV_4169"
"461","ASV_4170"
"462","ASV_4178"
"463","ASV_4194"
"464","ASV_4203"
"465","ASV_4244"
"466","ASV_4258"
"467","ASV_4281"
"468","ASV_4296"
"469","ASV_4317"
"470","ASV_4323"
"471","ASV_4326"
"472","ASV_4341"
"473","ASV_4415"
"474","ASV_4429"
"475","ASV_4463"
"476","ASV_4467"
"477","ASV_4493"
"478","ASV_4570"
"479","ASV_4619"
"480","ASV_4684"
"481","ASV_4765"
"482","ASV_4767"
"483","ASV_4806"
"484","ASV_4862"
"485","ASV_4863"
"486","ASV_4884"
"487","ASV_4896"
"488","ASV_4917"
"489","ASV_4969"
"490","ASV_4979"
"491","ASV_4996"
"492","ASV_5029"
"493","ASV_5153"
"494","ASV_5217"
"495","ASV_5218"
"496","ASV_5322"
"497","ASV_5369"
"498","ASV_5417"
"499","ASV_5427"
"500","ASV_5460"
"501","ASV_5479"
"502","ASV_5682"
"503","ASV_5685"
"504","ASV_5710"
"505","ASV_5766"
"506","ASV_5776"
"507","ASV_5783"
"508","ASV_5785"
"509","ASV_5864"
"510","ASV_5883"
"511","ASV_5954"
"512","ASV_6086"
"513","ASV_6147"
"514","ASV_6157"
"515","ASV_6381"
"516","ASV_6408"
"517","ASV_6411"
"518","ASV_6450"
"519","ASV_6482"
"520","ASV_6521"
"521","ASV_6525"
"522","ASV_6528"
"523","ASV_6571"
"524","ASV_6648"
"525","ASV_6682"
"526","ASV_6683"
"527","ASV_7033"
"528","ASV_7090"
"529","ASV_7130"
"530","ASV_7384"
"531","ASV_7441"
"532","ASV_7600"
"533","ASV_8084"
"534","ASV_8236"
"535","ASV_8600"
"536","ASV_8700"
"537","ASV_9086"
"538","ASV_9629"
"539","ASV_109"
"540","ASV_173"
"541","ASV_227"
"542","ASV_677"
"543","ASV_698"
"544","ASV_769"
"545","ASV_800"
"546","ASV_823"
"547","ASV_824"
"548","ASV_876"
"549","ASV_896"
"550","ASV_910"
"551","ASV_913"
"552","ASV_931"
"553","ASV_944"
"554","ASV_976"
"555","ASV_997"
"556","ASV_1000"
"557","ASV_1100"
"558","ASV_1154"
"559","ASV_1209"
"560","ASV_1223"
"561","ASV_1287"
"562","ASV_1344"
"563","ASV_1387"
"564","ASV_1529"
"565","ASV_1531"
"566","ASV_1574"
"567","ASV_1577"
"568","ASV_1600"
"569","ASV_1607"
"570","ASV_1631"
"571","ASV_1639"
"572","ASV_1683"
"573","ASV_1706"
"574","ASV_1722"
"575","ASV_1751"
"576","ASV_1779"
"577","ASV_1826"
"578","ASV_1871"
"579","ASV_1874"
"580","ASV_1884"
"581","ASV_1906"
"582","ASV_1946"
"583","ASV_1966"
"584","ASV_1968"
"585","ASV_2043"
"586","ASV_2060"
"587","ASV_2119"
"588","ASV_2152"
"589","ASV_2172"
"590","ASV_2188"
"591","ASV_2198"
"592","ASV_2203"
"593","ASV_2238"
"594","ASV_2247"
"595","ASV_2248"
"596","ASV_2278"
"597","ASV_2295"
"598","ASV_2306"
"599","ASV_2333"
"600","ASV_2334"
"601","ASV_2356"
"602","ASV_2404"
"603","ASV_2409"
"604","ASV_2474"
"605","ASV_2475"
"606","ASV_2481"
"607","ASV_2484"
"608","ASV_2513"
"609","ASV_2523"
"610","ASV_2545"
"611","ASV_2548"
"612","ASV_2558"
"613","ASV_2559"
"614","ASV_2595"
"615","ASV_2620"
"616","ASV_2635"
"617","ASV_2643"
"618","ASV_2652"
"619","ASV_2653"
"620","ASV_2666"
"621","ASV_2670"
"622","ASV_2672"
"623","ASV_2695"
"624","ASV_2740"
"625","ASV_2742"
"626","ASV_2747"
"627","ASV_2749"
"628","ASV_2754"
"629","ASV_2787"
"630","ASV_2788"
"631","ASV_2798"
"632","ASV_2808"
"633","ASV_2811"
"634","ASV_2813"
"635","ASV_2829"
"636","ASV_2843"
"637","ASV_2867"
"638","ASV_2873"
"639","ASV_2874"
"640","ASV_2883"
"641","ASV_2884"
"642","ASV_2885"
"643","ASV_2887"
"644","ASV_2889"
"645","ASV_2914"
"646","ASV_2932"
"647","ASV_2942"
"648","ASV_2945"
"649","ASV_2950"
"650","ASV_2951"
"651","ASV_2955"
"652","ASV_2958"
"653","ASV_2972"
"654","ASV_3012"
"655","ASV_3017"
"656","ASV_3040"
"657","ASV_3060"
"658","ASV_3070"
"659","ASV_3071"
"660","ASV_3078"
"661","ASV_3079"
"662","ASV_3103"
"663","ASV_3106"
"664","ASV_3112"
"665","ASV_3161"
"666","ASV_3181"
"667","ASV_3185"
"668","ASV_3189"
"669","ASV_3205"
"670","ASV_3208"
"671","ASV_3218"
"672","ASV_3223"
"673","ASV_3225"
"674","ASV_3233"
"675","ASV_3249"
"676","ASV_3252"
"677","ASV_3260"
"678","ASV_3268"
"679","ASV_3273"
"680","ASV_3280"
"681","ASV_3288"
"682","ASV_3291"
"683","ASV_3315"
"684","ASV_3335"
"685","ASV_3344"
"686","ASV_3354"
"687","ASV_3364"
"688","ASV_3374"
"689","ASV_3389"
"690","ASV_3391"
"691","ASV_3392"
"692","ASV_3394"
"693","ASV_3402"
"694","ASV_3407"
"695","ASV_3415"
"696","ASV_3428"
"697","ASV_3431"
"698","ASV_3432"
"699","ASV_3434"
"700","ASV_3437"
"701","ASV_3450"
"702","ASV_3468"
"703","ASV_3471"
"704","ASV_3508"
"705","ASV_3512"
"706","ASV_3525"
"707","ASV_3530"
"708","ASV_3531"
"709","ASV_3540"
"710","ASV_3545"
"711","ASV_3558"
"712","ASV_3562"
"713","ASV_3563"
"714","ASV_3566"
"715","ASV_3606"
"716","ASV_3622"
"717","ASV_3634"
"718","ASV_3636"
"719","ASV_3639"
"720","ASV_3649"
"721","ASV_3661"
"722","ASV_3664"
"723","ASV_3678"
"724","ASV_3736"
"725","ASV_3737"
"726","ASV_3760"
"727","ASV_3764"
"728","ASV_3768"
"729","ASV_3769"
"730","ASV_3774"
"731","ASV_3798"
"732","ASV_3800"
"733","ASV_3816"
"734","ASV_3842"
"735","ASV_3849"
"736","ASV_3852"
"737","ASV_3862"
"738","ASV_3868"
"739","ASV_3901"
"740","ASV_3943"
"741","ASV_3961"
"742","ASV_3969"
"743","ASV_3970"
"744","ASV_3974"
"745","ASV_3980"
"746","ASV_3992"
"747","ASV_3994"
"748","ASV_3997"
"749","ASV_3998"
"750","ASV_4010"
"751","ASV_4015"
"752","ASV_4016"
"753","ASV_4021"
"754","ASV_4026"
"755","ASV_4030"
"756","ASV_4033"
"757","ASV_4041"
"758","ASV_4051"
"759","ASV_4061"
"760","ASV_4075"
"761","ASV_4079"
"762","ASV_4091"
"763","ASV_4100"
"764","ASV_4110"
"765","ASV_4121"
"766","ASV_4128"
"767","ASV_4134"
"768","ASV_4154"
"769","ASV_4155"
"770","ASV_4160"
"771","ASV_4165"
"772","ASV_4173"
"773","ASV_4177"
"774","ASV_4222"
"775","ASV_4227"
"776","ASV_4236"
"777","ASV_4241"
"778","ASV_4243"
"779","ASV_4247"
"780","ASV_4266"
"781","ASV_4283"
"782","ASV_4298"
"783","ASV_4310"
"784","ASV_4313"
"785","ASV_4316"
"786","ASV_4322"
"787","ASV_4334"
"788","ASV_4335"
"789","ASV_4356"
"790","ASV_4394"
"791","ASV_4405"
"792","ASV_4409"
"793","ASV_4419"
"794","ASV_4441"
"795","ASV_4446"
"796","ASV_4454"
"797","ASV_4473"
"798","ASV_4477"
"799","ASV_4479"
"800","ASV_4482"
"801","ASV_4491"
"802","ASV_4497"
"803","ASV_4517"
"804","ASV_4518"
"805","ASV_4542"
"806","ASV_4545"
"807","ASV_4549"
"808","ASV_4552"
"809","ASV_4554"
"810","ASV_4572"
"811","ASV_4573"
"812","ASV_4577"
"813","ASV_4584"
"814","ASV_4592"
"815","ASV_4604"
"816","ASV_4607"
"817","ASV_4609"
"818","ASV_4612"
"819","ASV_4617"
"820","ASV_4622"
"821","ASV_4629"
"822","ASV_4630"
"823","ASV_4644"
"824","ASV_4661"
"825","ASV_4664"
"826","ASV_4667"
"827","ASV_4686"
"828","ASV_4697"
"829","ASV_4700"
"830","ASV_4701"
"831","ASV_4710"
"832","ASV_4770"
"833","ASV_4784"
"834","ASV_4790"
"835","ASV_4798"
"836","ASV_4799"
"837","ASV_4800"
"838","ASV_4804"
"839","ASV_4824"
"840","ASV_4838"
"841","ASV_4879"
"842","ASV_4883"
"843","ASV_4885"
"844","ASV_4905"
"845","ASV_4911"
"846","ASV_4912"
"847","ASV_4921"
"848","ASV_4927"
"849","ASV_4929"
"850","ASV_4931"
"851","ASV_4940"
"852","ASV_4945"
"853","ASV_4955"
"854","ASV_4978"
"855","ASV_4993"
"856","ASV_5001"
"857","ASV_5028"
"858","ASV_5044"
"859","ASV_5045"
"860","ASV_5048"
"861","ASV_5086"
"862","ASV_5122"
"863","ASV_5124"
"864","ASV_5133"
"865","ASV_5140"
"866","ASV_5156"
"867","ASV_5165"
"868","ASV_5173"
"869","ASV_5190"
"870","ASV_5193"
"871","ASV_5244"
"872","ASV_5269"
"873","ASV_5275"
"874","ASV_5288"
"875","ASV_5298"
"876","ASV_5306"
"877","ASV_5357"
"878","ASV_5361"
"879","ASV_5381"
"880","ASV_5388"
"881","ASV_5393"
"882","ASV_5394"
"883","ASV_5398"
"884","ASV_5402"
"885","ASV_5404"
"886","ASV_5406"
"887","ASV_5428"
"888","ASV_5438"
"889","ASV_5439"
"890","ASV_5454"
"891","ASV_5464"
"892","ASV_5475"
"893","ASV_5497"
"894","ASV_5516"
"895","ASV_5533"
"896","ASV_5547"
"897","ASV_5556"
"898","ASV_5577"
"899","ASV_5579"
"900","ASV_5584"
"901","ASV_5597"
"902","ASV_5602"
"903","ASV_5621"
"904","ASV_5629"
"905","ASV_5632"
"906","ASV_5655"
"907","ASV_5656"
"908","ASV_5660"
"909","ASV_5683"
"910","ASV_5690"
"911","ASV_5697"
"912","ASV_5705"
"913","ASV_5729"
"914","ASV_5736"
"915","ASV_5742"
"916","ASV_5768"
"917","ASV_5771"
"918","ASV_5800"
"919","ASV_5824"
"920","ASV_5844"
"921","ASV_5850"
"922","ASV_5865"
"923","ASV_5872"
"924","ASV_5873"
"925","ASV_5891"
"926","ASV_5892"
"927","ASV_5928"
"928","ASV_5929"
"929","ASV_5947"
"930","ASV_5953"
"931","ASV_5963"
"932","ASV_5966"
"933","ASV_5972"
"934","ASV_5984"
"935","ASV_5991"
"936","ASV_6003"
"937","ASV_6017"
"938","ASV_6018"
"939","ASV_6022"
"940","ASV_6042"
"941","ASV_6046"
"942","ASV_6054"
"943","ASV_6082"
"944","ASV_6124"
"945","ASV_6126"
"946","ASV_6134"
"947","ASV_6139"
"948","ASV_6150"
"949","ASV_6154"
"950","ASV_6192"
"951","ASV_6198"
"952","ASV_6203"
"953","ASV_6215"
"954","ASV_6216"
"955","ASV_6218"
"956","ASV_6219"
"957","ASV_6220"
"958","ASV_6237"
"959","ASV_6242"
"960","ASV_6272"
"961","ASV_6287"
"962","ASV_6291"
"963","ASV_6292"
"964","ASV_6293"
"965","ASV_6347"
"966","ASV_6369"
"967","ASV_6370"
"968","ASV_6373"
"969","ASV_6376"
"970","ASV_6384"
"971","ASV_6424"
"972","ASV_6425"
"973","ASV_6426"
"974","ASV_6440"
"975","ASV_6446"
"976","ASV_6460"
"977","ASV_6462"
"978","ASV_6468"
"979","ASV_6487"
"980","ASV_6488"
"981","ASV_6496"
"982","ASV_6504"
"983","ASV_6542"
"984","ASV_6548"
"985","ASV_6581"
"986","ASV_6605"
"987","ASV_6608"
"988","ASV_6631"
"989","ASV_6636"
"990","ASV_6646"
"991","ASV_6686"
"992","ASV_6688"
"993","ASV_6692"
"994","ASV_6694"
"995","ASV_6720"
"996","ASV_6724"
"997","ASV_6747"
"998","ASV_6767"
"999","ASV_6771"
"1000","ASV_6776"
"1001","ASV_6779"
"1002","ASV_6780"
"1003","ASV_6782"
"1004","ASV_6785"
"1005","ASV_6801"
"1006","ASV_6827"
"1007","ASV_6841"
"1008","ASV_6859"
"1009","ASV_6862"
"1010","ASV_6863"
"1011","ASV_6866"
"1012","ASV_6876"
"1013","ASV_6897"
"1014","ASV_6898"
"1015","ASV_6920"
"1016","ASV_6921"
"1017","ASV_6960"
"1018","ASV_6978"
"1019","ASV_7023"
"1020","ASV_7031"
"1021","ASV_7062"
"1022","ASV_7089"
"1023","ASV_7129"
"1024","ASV_7145"
"1025","ASV_7153"
"1026","ASV_7174"
"1027","ASV_7210"
"1028","ASV_7221"
"1029","ASV_7232"
"1030","ASV_7233"
"1031","ASV_7253"
"1032","ASV_7258"
"1033","ASV_7278"
"1034","ASV_7283"
"1035","ASV_7285"
"1036","ASV_7287"
"1037","ASV_7305"
"1038","ASV_7318"
"1039","ASV_7330"
"1040","ASV_7333"
"1041","ASV_7423"
"1042","ASV_7428"
"1043","ASV_7433"
"1044","ASV_7445"
"1045","ASV_7459"
"1046","ASV_7462"
"1047","ASV_7504"
"1048","ASV_7528"
"1049","ASV_7534"
"1050","ASV_7540"
"1051","ASV_7560"
"1052","ASV_7588"
"1053","ASV_7605"
"1054","ASV_7626"
"1055","ASV_7642"
"1056","ASV_7649"
"1057","ASV_7675"
"1058","ASV_7712"
"1059","ASV_7760"
"1060","ASV_7764"
"1061","ASV_7771"
"1062","ASV_7773"
"1063","ASV_7819"
"1064","ASV_7844"
"1065","ASV_7853"
"1066","ASV_7886"
"1067","ASV_7887"
"1068","ASV_7892"
"1069","ASV_7919"
"1070","ASV_7928"
"1071","ASV_7929"
"1072","ASV_7989"
"1073","ASV_7993"
"1074","ASV_8016"
"1075","ASV_8080"
"1076","ASV_8113"
"1077","ASV_8165"
"1078","ASV_8191"
"1079","ASV_8216"
"1080","ASV_8241"
"1081","ASV_8291"
"1082","ASV_8296"
"1083","ASV_8301"
"1084","ASV_8327"
"1085","ASV_8337"
"1086","ASV_8348"
"1087","ASV_8398"
"1088","ASV_8441"
"1089","ASV_8453"
"1090","ASV_8508"
"1091","ASV_8555"
"1092","ASV_8608"
"1093","ASV_8628"
"1094","ASV_8653"
"1095","ASV_8833"
"1096","ASV_8972"
"1097","ASV_8997"
"1098","ASV_9019"
"1099","ASV_9034"
"1100","ASV_9057"
"1101","ASV_9215"
"1102","ASV_9315"
"1103","ASV_9321"
"1104","ASV_9385"
"1105","ASV_9414"
"1106","ASV_9553"
"1107","ASV_9625"
"1108","ASV_9627"
"1109","ASV_9636"
"1110","ASV_9749"
"1111","ASV_9755"
"1112","ASV_9889"
"1113","ASV_9930"
"1114","ASV_9933"
"1115","ASV_9941"
"1116","ASV_9944"
"1117","ASV_9968"
"1118","ASV_10016"
"1119","ASV_10024"
"1120","ASV_10029"
"1121","ASV_10208"
"1122","ASV_10321"
"1123","ASV_10742"
"1124","ASV_11046"
"1125","ASV_11277"
"1126","ASV_11381"
"1127","ASV_11649"
"1128","ASV_11893"
"1129","ASV_13141"
"1130","ASV_125"
"1131","ASV_477"
"1132","ASV_541"
"1133","ASV_555"
"1134","ASV_557"
"1135","ASV_560"
"1136","ASV_605"
"1137","ASV_616"
"1138","ASV_619"
"1139","ASV_659"
"1140","ASV_700"
"1141","ASV_772"
"1142","ASV_817"
"1143","ASV_818"
"1144","ASV_895"
"1145","ASV_908"
"1146","ASV_920"
"1147","ASV_945"
"1148","ASV_1011"
"1149","ASV_1049"
"1150","ASV_1053"
"1151","ASV_1083"
"1152","ASV_1088"
"1153","ASV_1120"
"1154","ASV_1133"
"1155","ASV_1150"
"1156","ASV_1171"
"1157","ASV_1203"
"1158","ASV_1231"
"1159","ASV_1250"
"1160","ASV_1290"
"1161","ASV_1304"
"1162","ASV_1332"
"1163","ASV_1339"
"1164","ASV_1385"
"1165","ASV_1389"
"1166","ASV_1393"
"1167","ASV_1426"
"1168","ASV_1433"
"1169","ASV_1439"
"1170","ASV_1443"
"1171","ASV_1482"
"1172","ASV_1530"
"1173","ASV_1541"
"1174","ASV_1542"
"1175","ASV_1549"
"1176","ASV_1557"
"1177","ASV_1565"
"1178","ASV_1570"
"1179","ASV_1581"
"1180","ASV_1588"
"1181","ASV_1622"
"1182","ASV_1626"
"1183","ASV_1641"
"1184","ASV_1647"
"1185","ASV_1649"
"1186","ASV_1659"
"1187","ASV_1674"
"1188","ASV_1689"
"1189","ASV_1705"
"1190","ASV_1713"
"1191","ASV_1715"
"1192","ASV_1724"
"1193","ASV_1761"
"1194","ASV_1770"
"1195","ASV_1780"
"1196","ASV_1794"
"1197","ASV_1810"
"1198","ASV_1812"
"1199","ASV_1832"
"1200","ASV_1843"
"1201","ASV_1853"
"1202","ASV_1870"
"1203","ASV_1872"
"1204","ASV_1881"
"1205","ASV_1907"
"1206","ASV_1947"
"1207","ASV_1953"
"1208","ASV_1957"
"1209","ASV_1974"
"1210","ASV_1979"
"1211","ASV_1993"
"1212","ASV_2001"
"1213","ASV_2004"
"1214","ASV_2005"
"1215","ASV_2011"
"1216","ASV_2016"
"1217","ASV_2020"
"1218","ASV_2044"
"1219","ASV_2054"
"1220","ASV_2059"
"1221","ASV_2066"
"1222","ASV_2075"
"1223","ASV_2085"
"1224","ASV_2129"
"1225","ASV_2144"
"1226","ASV_2146"
"1227","ASV_2151"
"1228","ASV_2162"
"1229","ASV_2164"
"1230","ASV_2166"
"1231","ASV_2219"
"1232","ASV_2221"
"1233","ASV_2224"
"1234","ASV_2225"
"1235","ASV_2228"
"1236","ASV_2250"
"1237","ASV_2256"
"1238","ASV_2270"
"1239","ASV_2274"
"1240","ASV_2287"
"1241","ASV_2297"
"1242","ASV_2303"
"1243","ASV_2321"
"1244","ASV_2327"
"1245","ASV_2328"
"1246","ASV_2332"
"1247","ASV_2336"
"1248","ASV_2339"
"1249","ASV_2354"
"1250","ASV_2374"
"1251","ASV_2379"
"1252","ASV_2382"
"1253","ASV_2389"
"1254","ASV_2392"
"1255","ASV_2398"
"1256","ASV_2399"
"1257","ASV_2407"
"1258","ASV_2410"
"1259","ASV_2433"
"1260","ASV_2446"
"1261","ASV_2449"
"1262","ASV_2456"
"1263","ASV_2457"
"1264","ASV_2461"
"1265","ASV_2490"
"1266","ASV_2497"
"1267","ASV_2517"
"1268","ASV_2529"
"1269","ASV_2534"
"1270","ASV_2561"
"1271","ASV_2564"
"1272","ASV_2581"
"1273","ASV_2588"
"1274","ASV_2589"
"1275","ASV_2591"
"1276","ASV_2594"
"1277","ASV_2600"
"1278","ASV_2615"
"1279","ASV_2616"
"1280","ASV_2618"
"1281","ASV_2631"
"1282","ASV_2632"
"1283","ASV_2637"
"1284","ASV_2645"
"1285","ASV_2655"
"1286","ASV_2658"
"1287","ASV_2660"
"1288","ASV_2662"
"1289","ASV_2674"
"1290","ASV_2686"
"1291","ASV_2702"
"1292","ASV_2703"
"1293","ASV_2709"
"1294","ASV_2723"
"1295","ASV_2732"
"1296","ASV_2734"
"1297","ASV_2746"
"1298","ASV_2755"
"1299","ASV_2761"
"1300","ASV_2786"
"1301","ASV_2795"
"1302","ASV_2796"
"1303","ASV_2803"
"1304","ASV_2810"
"1305","ASV_2820"
"1306","ASV_2821"
"1307","ASV_2834"
"1308","ASV_2835"
"1309","ASV_2863"
"1310","ASV_2881"
"1311","ASV_2893"
"1312","ASV_2907"
"1313","ASV_2913"
"1314","ASV_2927"
"1315","ASV_2946"
"1316","ASV_2954"
"1317","ASV_2961"
"1318","ASV_2963"
"1319","ASV_2965"
"1320","ASV_2966"
"1321","ASV_2967"
"1322","ASV_2977"
"1323","ASV_2979"
"1324","ASV_2991"
"1325","ASV_2993"
"1326","ASV_3002"
"1327","ASV_3005"
"1328","ASV_3011"
"1329","ASV_3022"
"1330","ASV_3024"
"1331","ASV_3025"
"1332","ASV_3026"
"1333","ASV_3029"
"1334","ASV_3037"
"1335","ASV_3038"
"1336","ASV_3047"
"1337","ASV_3050"
"1338","ASV_3051"
"1339","ASV_3058"
"1340","ASV_3059"
"1341","ASV_3076"
"1342","ASV_3077"
"1343","ASV_3080"
"1344","ASV_3087"
"1345","ASV_3092"
"1346","ASV_3097"
"1347","ASV_3104"
"1348","ASV_3118"
"1349","ASV_3124"
"1350","ASV_3125"
"1351","ASV_3128"
"1352","ASV_3132"
"1353","ASV_3136"
"1354","ASV_3139"
"1355","ASV_3141"
"1356","ASV_3148"
"1357","ASV_3150"
"1358","ASV_3157"
"1359","ASV_3167"
"1360","ASV_3168"
"1361","ASV_3169"
"1362","ASV_3173"
"1363","ASV_3179"
"1364","ASV_3187"
"1365","ASV_3193"
"1366","ASV_3200"
"1367","ASV_3202"
"1368","ASV_3211"
"1369","ASV_3212"
"1370","ASV_3214"
"1371","ASV_3224"
"1372","ASV_3231"
"1373","ASV_3238"
"1374","ASV_3253"
"1375","ASV_3254"
"1376","ASV_3261"
"1377","ASV_3271"
"1378","ASV_3281"
"1379","ASV_3282"
"1380","ASV_3283"
"1381","ASV_3284"
"1382","ASV_3292"
"1383","ASV_3293"
"1384","ASV_3298"
"1385","ASV_3305"
"1386","ASV_3319"
"1387","ASV_3321"
"1388","ASV_3322"
"1389","ASV_3325"
"1390","ASV_3331"
"1391","ASV_3346"
"1392","ASV_3350"
"1393","ASV_3352"
"1394","ASV_3353"
"1395","ASV_3368"
"1396","ASV_3371"
"1397","ASV_3372"
"1398","ASV_3378"
"1399","ASV_3381"
"1400","ASV_3387"
"1401","ASV_3405"
"1402","ASV_3412"
"1403","ASV_3421"
"1404","ASV_3422"
"1405","ASV_3423"
"1406","ASV_3430"
"1407","ASV_3433"
"1408","ASV_3439"
"1409","ASV_3442"
"1410","ASV_3444"
"1411","ASV_3454"
"1412","ASV_3457"
"1413","ASV_3458"
"1414","ASV_3459"
"1415","ASV_3460"
"1416","ASV_3469"
"1417","ASV_3472"
"1418","ASV_3473"
"1419","ASV_3484"
"1420","ASV_3488"
"1421","ASV_3489"
"1422","ASV_3490"
"1423","ASV_3493"
"1424","ASV_3504"
"1425","ASV_3506"
"1426","ASV_3510"
"1427","ASV_3513"
"1428","ASV_3517"
"1429","ASV_3523"
"1430","ASV_3524"
"1431","ASV_3537"
"1432","ASV_3538"
"1433","ASV_3552"
"1434","ASV_3555"
"1435","ASV_3560"
"1436","ASV_3584"
"1437","ASV_3588"
"1438","ASV_3591"
"1439","ASV_3592"
"1440","ASV_3593"
"1441","ASV_3596"
"1442","ASV_3598"
"1443","ASV_3600"
"1444","ASV_3601"
"1445","ASV_3602"
"1446","ASV_3605"
"1447","ASV_3607"
"1448","ASV_3612"
"1449","ASV_3613"
"1450","ASV_3624"
"1451","ASV_3630"
"1452","ASV_3632"
"1453","ASV_3651"
"1454","ASV_3653"
"1455","ASV_3657"
"1456","ASV_3658"
"1457","ASV_3662"
"1458","ASV_3668"
"1459","ASV_3676"
"1460","ASV_3687"
"1461","ASV_3688"
"1462","ASV_3695"
"1463","ASV_3696"
"1464","ASV_3699"
"1465","ASV_3700"
"1466","ASV_3714"
"1467","ASV_3716"
"1468","ASV_3723"
"1469","ASV_3730"
"1470","ASV_3734"
"1471","ASV_3742"
"1472","ASV_3744"
"1473","ASV_3746"
"1474","ASV_3751"
"1475","ASV_3753"
"1476","ASV_3754"
"1477","ASV_3759"
"1478","ASV_3767"
"1479","ASV_3777"
"1480","ASV_3778"
"1481","ASV_3779"
"1482","ASV_3781"
"1483","ASV_3785"
"1484","ASV_3787"
"1485","ASV_3792"
"1486","ASV_3799"
"1487","ASV_3806"
"1488","ASV_3812"
"1489","ASV_3818"
"1490","ASV_3819"
"1491","ASV_3821"
"1492","ASV_3823"
"1493","ASV_3824"
"1494","ASV_3829"
"1495","ASV_3832"
"1496","ASV_3838"
"1497","ASV_3840"
"1498","ASV_3855"
"1499","ASV_3863"
"1500","ASV_3876"
"1501","ASV_3878"
"1502","ASV_3881"
"1503","ASV_3884"
"1504","ASV_3887"
"1505","ASV_3890"
"1506","ASV_3891"
"1507","ASV_3892"
"1508","ASV_3903"
"1509","ASV_3909"
"1510","ASV_3911"
"1511","ASV_3916"
"1512","ASV_3917"
"1513","ASV_3920"
"1514","ASV_3925"
"1515","ASV_3927"
"1516","ASV_3937"
"1517","ASV_3938"
"1518","ASV_3939"
"1519","ASV_3942"
"1520","ASV_3948"
"1521","ASV_3952"
"1522","ASV_3953"
"1523","ASV_3955"
"1524","ASV_3957"
"1525","ASV_3963"
"1526","ASV_3965"
"1527","ASV_3973"
"1528","ASV_3984"
"1529","ASV_3987"
"1530","ASV_3989"
"1531","ASV_3990"
"1532","ASV_3995"
"1533","ASV_4000"
"1534","ASV_4001"
"1535","ASV_4004"
"1536","ASV_4005"
"1537","ASV_4006"
"1538","ASV_4012"
"1539","ASV_4017"
"1540","ASV_4022"
"1541","ASV_4037"
"1542","ASV_4038"
"1543","ASV_4039"
"1544","ASV_4052"
"1545","ASV_4073"
"1546","ASV_4074"
"1547","ASV_4078"
"1548","ASV_4080"
"1549","ASV_4083"
"1550","ASV_4090"
"1551","ASV_4095"
"1552","ASV_4096"
"1553","ASV_4099"
"1554","ASV_4119"
"1555","ASV_4126"
"1556","ASV_4132"
"1557","ASV_4138"
"1558","ASV_4139"
"1559","ASV_4147"
"1560","ASV_4156"
"1561","ASV_4157"
"1562","ASV_4162"
"1563","ASV_4167"
"1564","ASV_4171"
"1565","ASV_4179"
"1566","ASV_4183"
"1567","ASV_4185"
"1568","ASV_4188"
"1569","ASV_4198"
"1570","ASV_4200"
"1571","ASV_4207"
"1572","ASV_4210"
"1573","ASV_4214"
"1574","ASV_4219"
"1575","ASV_4224"
"1576","ASV_4230"
"1577","ASV_4233"
"1578","ASV_4238"
"1579","ASV_4242"
"1580","ASV_4245"
"1581","ASV_4256"
"1582","ASV_4263"
"1583","ASV_4264"
"1584","ASV_4271"
"1585","ASV_4276"
"1586","ASV_4277"
"1587","ASV_4285"
"1588","ASV_4287"
"1589","ASV_4289"
"1590","ASV_4293"
"1591","ASV_4297"
"1592","ASV_4305"
"1593","ASV_4306"
"1594","ASV_4308"
"1595","ASV_4312"
"1596","ASV_4315"
"1597","ASV_4318"
"1598","ASV_4324"
"1599","ASV_4325"
"1600","ASV_4333"
"1601","ASV_4340"
"1602","ASV_4342"
"1603","ASV_4345"
"1604","ASV_4346"
"1605","ASV_4347"
"1606","ASV_4348"
"1607","ASV_4355"
"1608","ASV_4361"
"1609","ASV_4362"
"1610","ASV_4364"
"1611","ASV_4366"
"1612","ASV_4367"
"1613","ASV_4368"
"1614","ASV_4370"
"1615","ASV_4378"
"1616","ASV_4381"
"1617","ASV_4382"
"1618","ASV_4390"
"1619","ASV_4393"
"1620","ASV_4395"
"1621","ASV_4399"
"1622","ASV_4402"
"1623","ASV_4418"
"1624","ASV_4427"
"1625","ASV_4428"
"1626","ASV_4434"
"1627","ASV_4442"
"1628","ASV_4445"
"1629","ASV_4451"
"1630","ASV_4452"
"1631","ASV_4453"
"1632","ASV_4460"
"1633","ASV_4469"
"1634","ASV_4471"
"1635","ASV_4478"
"1636","ASV_4483"
"1637","ASV_4484"
"1638","ASV_4488"
"1639","ASV_4489"
"1640","ASV_4492"
"1641","ASV_4502"
"1642","ASV_4505"
"1643","ASV_4510"
"1644","ASV_4511"
"1645","ASV_4512"
"1646","ASV_4514"
"1647","ASV_4515"
"1648","ASV_4516"
"1649","ASV_4519"
"1650","ASV_4522"
"1651","ASV_4525"
"1652","ASV_4527"
"1653","ASV_4529"
"1654","ASV_4530"
"1655","ASV_4531"
"1656","ASV_4539"
"1657","ASV_4543"
"1658","ASV_4556"
"1659","ASV_4560"
"1660","ASV_4566"
"1661","ASV_4571"
"1662","ASV_4576"
"1663","ASV_4579"
"1664","ASV_4583"
"1665","ASV_4586"
"1666","ASV_4588"
"1667","ASV_4589"
"1668","ASV_4591"
"1669","ASV_4595"
"1670","ASV_4597"
"1671","ASV_4599"
"1672","ASV_4615"
"1673","ASV_4618"
"1674","ASV_4626"
"1675","ASV_4631"
"1676","ASV_4632"
"1677","ASV_4643"
"1678","ASV_4645"
"1679","ASV_4647"
"1680","ASV_4651"
"1681","ASV_4656"
"1682","ASV_4658"
"1683","ASV_4659"
"1684","ASV_4660"
"1685","ASV_4662"
"1686","ASV_4663"
"1687","ASV_4666"
"1688","ASV_4669"
"1689","ASV_4670"
"1690","ASV_4673"
"1691","ASV_4674"
"1692","ASV_4675"
"1693","ASV_4679"
"1694","ASV_4680"
"1695","ASV_4681"
"1696","ASV_4687"
"1697","ASV_4693"
"1698","ASV_4696"
"1699","ASV_4706"
"1700","ASV_4707"
"1701","ASV_4711"
"1702","ASV_4713"
"1703","ASV_4720"
"1704","ASV_4721"
"1705","ASV_4724"
"1706","ASV_4729"
"1707","ASV_4730"
"1708","ASV_4732"
"1709","ASV_4734"
"1710","ASV_4744"
"1711","ASV_4745"
"1712","ASV_4747"
"1713","ASV_4748"
"1714","ASV_4750"
"1715","ASV_4752"
"1716","ASV_4763"
"1717","ASV_4766"
"1718","ASV_4771"
"1719","ASV_4772"
"1720","ASV_4774"
"1721","ASV_4775"
"1722","ASV_4776"
"1723","ASV_4779"
"1724","ASV_4786"
"1725","ASV_4787"
"1726","ASV_4788"
"1727","ASV_4789"
"1728","ASV_4791"
"1729","ASV_4792"
"1730","ASV_4793"
"1731","ASV_4796"
"1732","ASV_4801"
"1733","ASV_4802"
"1734","ASV_4809"
"1735","ASV_4810"
"1736","ASV_4813"
"1737","ASV_4815"
"1738","ASV_4816"
"1739","ASV_4817"
"1740","ASV_4819"
"1741","ASV_4821"
"1742","ASV_4826"
"1743","ASV_4827"
"1744","ASV_4828"
"1745","ASV_4834"
"1746","ASV_4840"
"1747","ASV_4841"
"1748","ASV_4848"
"1749","ASV_4849"
"1750","ASV_4850"
"1751","ASV_4854"
"1752","ASV_4855"
"1753","ASV_4857"
"1754","ASV_4861"
"1755","ASV_4866"
"1756","ASV_4870"
"1757","ASV_4878"
"1758","ASV_4880"
"1759","ASV_4881"
"1760","ASV_4886"
"1761","ASV_4892"
"1762","ASV_4894"
"1763","ASV_4895"
"1764","ASV_4897"
"1765","ASV_4898"
"1766","ASV_4913"
"1767","ASV_4919"
"1768","ASV_4923"
"1769","ASV_4925"
"1770","ASV_4930"
"1771","ASV_4934"
"1772","ASV_4944"
"1773","ASV_4948"
"1774","ASV_4949"
"1775","ASV_4950"
"1776","ASV_4958"
"1777","ASV_4959"
"1778","ASV_4964"
"1779","ASV_4966"
"1780","ASV_4973"
"1781","ASV_4974"
"1782","ASV_4976"
"1783","ASV_4977"
"1784","ASV_4980"
"1785","ASV_4981"
"1786","ASV_4982"
"1787","ASV_4984"
"1788","ASV_4987"
"1789","ASV_4988"
"1790","ASV_4991"
"1791","ASV_5000"
"1792","ASV_5009"
"1793","ASV_5012"
"1794","ASV_5013"
"1795","ASV_5021"
"1796","ASV_5022"
"1797","ASV_5023"
"1798","ASV_5024"
"1799","ASV_5025"
"1800","ASV_5026"
"1801","ASV_5027"
"1802","ASV_5033"
"1803","ASV_5036"
"1804","ASV_5039"
"1805","ASV_5043"
"1806","ASV_5049"
"1807","ASV_5050"
"1808","ASV_5051"
"1809","ASV_5054"
"1810","ASV_5055"
"1811","ASV_5057"
"1812","ASV_5060"
"1813","ASV_5062"
"1814","ASV_5066"
"1815","ASV_5069"
"1816","ASV_5070"
"1817","ASV_5080"
"1818","ASV_5083"
"1819","ASV_5085"
"1820","ASV_5092"
"1821","ASV_5093"
"1822","ASV_5095"
"1823","ASV_5097"
"1824","ASV_5100"
"1825","ASV_5105"
"1826","ASV_5106"
"1827","ASV_5114"
"1828","ASV_5116"
"1829","ASV_5118"
"1830","ASV_5119"
"1831","ASV_5123"
"1832","ASV_5126"
"1833","ASV_5128"
"1834","ASV_5129"
"1835","ASV_5135"
"1836","ASV_5137"
"1837","ASV_5155"
"1838","ASV_5159"
"1839","ASV_5160"
"1840","ASV_5161"
"1841","ASV_5162"
"1842","ASV_5171"
"1843","ASV_5174"
"1844","ASV_5180"
"1845","ASV_5182"
"1846","ASV_5184"
"1847","ASV_5185"
"1848","ASV_5186"
"1849","ASV_5188"
"1850","ASV_5191"
"1851","ASV_5196"
"1852","ASV_5205"
"1853","ASV_5206"
"1854","ASV_5212"
"1855","ASV_5219"
"1856","ASV_5220"
"1857","ASV_5221"
"1858","ASV_5222"
"1859","ASV_5223"
"1860","ASV_5224"
"1861","ASV_5226"
"1862","ASV_5233"
"1863","ASV_5234"
"1864","ASV_5235"
"1865","ASV_5240"
"1866","ASV_5242"
"1867","ASV_5243"
"1868","ASV_5248"
"1869","ASV_5250"
"1870","ASV_5254"
"1871","ASV_5256"
"1872","ASV_5265"
"1873","ASV_5267"
"1874","ASV_5285"
"1875","ASV_5287"
"1876","ASV_5291"
"1877","ASV_5292"
"1878","ASV_5293"
"1879","ASV_5297"
"1880","ASV_5301"
"1881","ASV_5303"
"1882","ASV_5307"
"1883","ASV_5308"
"1884","ASV_5311"
"1885","ASV_5313"
"1886","ASV_5314"
"1887","ASV_5317"
"1888","ASV_5320"
"1889","ASV_5321"
"1890","ASV_5323"
"1891","ASV_5326"
"1892","ASV_5329"
"1893","ASV_5330"
"1894","ASV_5333"
"1895","ASV_5335"
"1896","ASV_5337"
"1897","ASV_5338"
"1898","ASV_5340"
"1899","ASV_5343"
"1900","ASV_5346"
"1901","ASV_5347"
"1902","ASV_5351"
"1903","ASV_5352"
"1904","ASV_5353"
"1905","ASV_5355"
"1906","ASV_5356"
"1907","ASV_5364"
"1908","ASV_5365"
"1909","ASV_5366"
"1910","ASV_5367"
"1911","ASV_5368"
"1912","ASV_5370"
"1913","ASV_5371"
"1914","ASV_5375"
"1915","ASV_5378"
"1916","ASV_5382"
"1917","ASV_5387"
"1918","ASV_5396"
"1919","ASV_5400"
"1920","ASV_5401"
"1921","ASV_5412"
"1922","ASV_5414"
"1923","ASV_5418"
"1924","ASV_5425"
"1925","ASV_5430"
"1926","ASV_5432"
"1927","ASV_5435"
"1928","ASV_5436"
"1929","ASV_5441"
"1930","ASV_5442"
"1931","ASV_5443"
"1932","ASV_5446"
"1933","ASV_5448"
"1934","ASV_5449"
"1935","ASV_5456"
"1936","ASV_5458"
"1937","ASV_5462"
"1938","ASV_5466"
"1939","ASV_5476"
"1940","ASV_5477"
"1941","ASV_5483"
"1942","ASV_5485"
"1943","ASV_5487"
"1944","ASV_5488"
"1945","ASV_5489"
"1946","ASV_5492"
"1947","ASV_5493"
"1948","ASV_5496"
"1949","ASV_5498"
"1950","ASV_5500"
"1951","ASV_5504"
"1952","ASV_5513"
"1953","ASV_5514"
"1954","ASV_5518"
"1955","ASV_5520"
"1956","ASV_5522"
"1957","ASV_5525"
"1958","ASV_5526"
"1959","ASV_5527"
"1960","ASV_5528"
"1961","ASV_5538"
"1962","ASV_5540"
"1963","ASV_5541"
"1964","ASV_5545"
"1965","ASV_5559"
"1966","ASV_5562"
"1967","ASV_5565"
"1968","ASV_5568"
"1969","ASV_5570"
"1970","ASV_5571"
"1971","ASV_5572"
"1972","ASV_5574"
"1973","ASV_5576"
"1974","ASV_5578"
"1975","ASV_5583"
"1976","ASV_5590"
"1977","ASV_5593"
"1978","ASV_5596"
"1979","ASV_5612"
"1980","ASV_5613"
"1981","ASV_5616"
"1982","ASV_5618"
"1983","ASV_5619"
"1984","ASV_5620"
"1985","ASV_5625"
"1986","ASV_5626"
"1987","ASV_5628"
"1988","ASV_5633"
"1989","ASV_5634"
"1990","ASV_5636"
"1991","ASV_5637"
"1992","ASV_5638"
"1993","ASV_5639"
"1994","ASV_5643"
"1995","ASV_5644"
"1996","ASV_5645"
"1997","ASV_5647"
"1998","ASV_5649"
"1999","ASV_5662"
"2000","ASV_5664"
"2001","ASV_5667"
"2002","ASV_5668"
"2003","ASV_5669"
"2004","ASV_5671"
"2005","ASV_5673"
"2006","ASV_5675"
"2007","ASV_5676"
"2008","ASV_5684"
"2009","ASV_5686"
"2010","ASV_5687"
"2011","ASV_5689"
"2012","ASV_5692"
"2013","ASV_5693"
"2014","ASV_5698"
"2015","ASV_5702"
"2016","ASV_5722"
"2017","ASV_5723"
"2018","ASV_5725"
"2019","ASV_5728"
"2020","ASV_5732"
"2021","ASV_5734"
"2022","ASV_5738"
"2023","ASV_5739"
"2024","ASV_5740"
"2025","ASV_5741"
"2026","ASV_5743"
"2027","ASV_5746"
"2028","ASV_5749"
"2029","ASV_5751"
"2030","ASV_5752"
"2031","ASV_5756"
"2032","ASV_5767"
"2033","ASV_5780"
"2034","ASV_5781"
"2035","ASV_5784"
"2036","ASV_5789"
"2037","ASV_5790"
"2038","ASV_5792"
"2039","ASV_5793"
"2040","ASV_5795"
"2041","ASV_5796"
"2042","ASV_5797"
"2043","ASV_5798"
"2044","ASV_5808"
"2045","ASV_5815"
"2046","ASV_5821"
"2047","ASV_5825"
"2048","ASV_5826"
"2049","ASV_5827"
"2050","ASV_5829"
"2051","ASV_5830"
"2052","ASV_5832"
"2053","ASV_5833"
"2054","ASV_5835"
"2055","ASV_5836"
"2056","ASV_5838"
"2057","ASV_5839"
"2058","ASV_5841"
"2059","ASV_5845"
"2060","ASV_5846"
"2061","ASV_5851"
"2062","ASV_5853"
"2063","ASV_5854"
"2064","ASV_5857"
"2065","ASV_5858"
"2066","ASV_5861"
"2067","ASV_5869"
"2068","ASV_5875"
"2069","ASV_5876"
"2070","ASV_5879"
"2071","ASV_5881"
"2072","ASV_5885"
"2073","ASV_5889"
"2074","ASV_5890"
"2075","ASV_5893"
"2076","ASV_5894"
"2077","ASV_5897"
"2078","ASV_5902"
"2079","ASV_5906"
"2080","ASV_5908"
"2081","ASV_5909"
"2082","ASV_5910"
"2083","ASV_5914"
"2084","ASV_5915"
"2085","ASV_5918"
"2086","ASV_5919"
"2087","ASV_5926"
"2088","ASV_5933"
"2089","ASV_5934"
"2090","ASV_5938"
"2091","ASV_5939"
"2092","ASV_5941"
"2093","ASV_5944"
"2094","ASV_5949"
"2095","ASV_5950"
"2096","ASV_5951"
"2097","ASV_5955"
"2098","ASV_5956"
"2099","ASV_5957"
"2100","ASV_5959"
"2101","ASV_5960"
"2102","ASV_5965"
"2103","ASV_5969"
"2104","ASV_5973"
"2105","ASV_5974"
"2106","ASV_5975"
"2107","ASV_5976"
"2108","ASV_5977"
"2109","ASV_5979"
"2110","ASV_5981"
"2111","ASV_5986"
"2112","ASV_5987"
"2113","ASV_5994"
"2114","ASV_5996"
"2115","ASV_5997"
"2116","ASV_5999"
"2117","ASV_6000"
"2118","ASV_6001"
"2119","ASV_6008"
"2120","ASV_6009"
"2121","ASV_6012"
"2122","ASV_6013"
"2123","ASV_6014"
"2124","ASV_6015"
"2125","ASV_6016"
"2126","ASV_6020"
"2127","ASV_6021"
"2128","ASV_6025"
"2129","ASV_6028"
"2130","ASV_6029"
"2131","ASV_6032"
"2132","ASV_6037"
"2133","ASV_6038"
"2134","ASV_6040"
"2135","ASV_6049"
"2136","ASV_6050"
"2137","ASV_6052"
"2138","ASV_6053"
"2139","ASV_6055"
"2140","ASV_6056"
"2141","ASV_6057"
"2142","ASV_6058"
"2143","ASV_6059"
"2144","ASV_6060"
"2145","ASV_6061"
"2146","ASV_6064"
"2147","ASV_6065"
"2148","ASV_6066"
"2149","ASV_6069"
"2150","ASV_6071"
"2151","ASV_6072"
"2152","ASV_6073"
"2153","ASV_6075"
"2154","ASV_6078"
"2155","ASV_6079"
"2156","ASV_6080"
"2157","ASV_6084"
"2158","ASV_6087"
"2159","ASV_6089"
"2160","ASV_6090"
"2161","ASV_6100"
"2162","ASV_6103"
"2163","ASV_6104"
"2164","ASV_6106"
"2165","ASV_6108"
"2166","ASV_6109"
"2167","ASV_6110"
"2168","ASV_6113"
"2169","ASV_6117"
"2170","ASV_6118"
"2171","ASV_6119"
"2172","ASV_6122"
"2173","ASV_6125"
"2174","ASV_6127"
"2175","ASV_6128"
"2176","ASV_6129"
"2177","ASV_6132"
"2178","ASV_6136"
"2179","ASV_6138"
"2180","ASV_6144"
"2181","ASV_6145"
"2182","ASV_6152"
"2183","ASV_6153"
"2184","ASV_6158"
"2185","ASV_6159"
"2186","ASV_6160"
"2187","ASV_6163"
"2188","ASV_6165"
"2189","ASV_6169"
"2190","ASV_6172"
"2191","ASV_6173"
"2192","ASV_6174"
"2193","ASV_6175"
"2194","ASV_6177"
"2195","ASV_6180"
"2196","ASV_6181"
"2197","ASV_6183"
"2198","ASV_6184"
"2199","ASV_6185"
"2200","ASV_6207"
"2201","ASV_6212"
"2202","ASV_6221"
"2203","ASV_6228"
"2204","ASV_6231"
"2205","ASV_6235"
"2206","ASV_6236"
"2207","ASV_6238"
"2208","ASV_6244"
"2209","ASV_6245"
"2210","ASV_6246"
"2211","ASV_6247"
"2212","ASV_6248"
"2213","ASV_6250"
"2214","ASV_6251"
"2215","ASV_6252"
"2216","ASV_6255"
"2217","ASV_6256"
"2218","ASV_6260"
"2219","ASV_6268"
"2220","ASV_6270"
"2221","ASV_6271"
"2222","ASV_6273"
"2223","ASV_6276"
"2224","ASV_6294"
"2225","ASV_6295"
"2226","ASV_6299"
"2227","ASV_6301"
"2228","ASV_6302"
"2229","ASV_6304"
"2230","ASV_6305"
"2231","ASV_6306"
"2232","ASV_6308"
"2233","ASV_6317"
"2234","ASV_6319"
"2235","ASV_6321"
"2236","ASV_6325"
"2237","ASV_6326"
"2238","ASV_6328"
"2239","ASV_6330"
"2240","ASV_6331"
"2241","ASV_6332"
"2242","ASV_6333"
"2243","ASV_6334"
"2244","ASV_6335"
"2245","ASV_6336"
"2246","ASV_6338"
"2247","ASV_6339"
"2248","ASV_6340"
"2249","ASV_6344"
"2250","ASV_6348"
"2251","ASV_6349"
"2252","ASV_6350"
"2253","ASV_6351"
"2254","ASV_6353"
"2255","ASV_6355"
"2256","ASV_6361"
"2257","ASV_6363"
"2258","ASV_6379"
"2259","ASV_6380"
"2260","ASV_6383"
"2261","ASV_6385"
"2262","ASV_6386"
"2263","ASV_6388"
"2264","ASV_6389"
"2265","ASV_6390"
"2266","ASV_6395"
"2267","ASV_6398"
"2268","ASV_6399"
"2269","ASV_6403"
"2270","ASV_6404"
"2271","ASV_6405"
"2272","ASV_6407"
"2273","ASV_6409"
"2274","ASV_6413"
"2275","ASV_6414"
"2276","ASV_6415"
"2277","ASV_6416"
"2278","ASV_6418"
"2279","ASV_6419"
"2280","ASV_6420"
"2281","ASV_6423"
"2282","ASV_6427"
"2283","ASV_6428"
"2284","ASV_6429"
"2285","ASV_6430"
"2286","ASV_6431"
"2287","ASV_6432"
"2288","ASV_6433"
"2289","ASV_6439"
"2290","ASV_6441"
"2291","ASV_6442"
"2292","ASV_6445"
"2293","ASV_6451"
"2294","ASV_6452"
"2295","ASV_6458"
"2296","ASV_6459"
"2297","ASV_6461"
"2298","ASV_6464"
"2299","ASV_6465"
"2300","ASV_6466"
"2301","ASV_6467"
"2302","ASV_6471"
"2303","ASV_6474"
"2304","ASV_6480"
"2305","ASV_6485"
"2306","ASV_6486"
"2307","ASV_6490"
"2308","ASV_6491"
"2309","ASV_6492"
"2310","ASV_6494"
"2311","ASV_6498"
"2312","ASV_6506"
"2313","ASV_6508"
"2314","ASV_6509"
"2315","ASV_6513"
"2316","ASV_6515"
"2317","ASV_6516"
"2318","ASV_6519"
"2319","ASV_6523"
"2320","ASV_6535"
"2321","ASV_6538"
"2322","ASV_6539"
"2323","ASV_6540"
"2324","ASV_6544"
"2325","ASV_6547"
"2326","ASV_6549"
"2327","ASV_6553"
"2328","ASV_6554"
"2329","ASV_6555"
"2330","ASV_6561"
"2331","ASV_6562"
"2332","ASV_6564"
"2333","ASV_6565"
"2334","ASV_6566"
"2335","ASV_6569"
"2336","ASV_6570"
"2337","ASV_6572"
"2338","ASV_6573"
"2339","ASV_6574"
"2340","ASV_6580"
"2341","ASV_6583"
"2342","ASV_6584"
"2343","ASV_6587"
"2344","ASV_6591"
"2345","ASV_6592"
"2346","ASV_6593"
"2347","ASV_6601"
"2348","ASV_6603"
"2349","ASV_6606"
"2350","ASV_6607"
"2351","ASV_6609"
"2352","ASV_6611"
"2353","ASV_6612"
"2354","ASV_6614"
"2355","ASV_6615"
"2356","ASV_6616"
"2357","ASV_6618"
"2358","ASV_6619"
"2359","ASV_6622"
"2360","ASV_6625"
"2361","ASV_6627"
"2362","ASV_6630"
"2363","ASV_6634"
"2364","ASV_6635"
"2365","ASV_6637"
"2366","ASV_6638"
"2367","ASV_6639"
"2368","ASV_6640"
"2369","ASV_6641"
"2370","ASV_6650"
"2371","ASV_6652"
"2372","ASV_6662"
"2373","ASV_6663"
"2374","ASV_6664"
"2375","ASV_6666"
"2376","ASV_6670"
"2377","ASV_6671"
"2378","ASV_6672"
"2379","ASV_6677"
"2380","ASV_6681"
"2381","ASV_6689"
"2382","ASV_6690"
"2383","ASV_6691"
"2384","ASV_6693"
"2385","ASV_6695"
"2386","ASV_6696"
"2387","ASV_6698"
"2388","ASV_6701"
"2389","ASV_6702"
"2390","ASV_6705"
"2391","ASV_6706"
"2392","ASV_6708"
"2393","ASV_6713"
"2394","ASV_6719"
"2395","ASV_6721"
"2396","ASV_6723"
"2397","ASV_6726"
"2398","ASV_6727"
"2399","ASV_6728"
"2400","ASV_6730"
"2401","ASV_6731"
"2402","ASV_6732"
"2403","ASV_6733"
"2404","ASV_6744"
"2405","ASV_6750"
"2406","ASV_6751"
"2407","ASV_6754"
"2408","ASV_6755"
"2409","ASV_6758"
"2410","ASV_6759"
"2411","ASV_6762"
"2412","ASV_6774"
"2413","ASV_6775"
"2414","ASV_6777"
"2415","ASV_6781"
"2416","ASV_6789"
"2417","ASV_6792"
"2418","ASV_6795"
"2419","ASV_6796"
"2420","ASV_6797"
"2421","ASV_6799"
"2422","ASV_6803"
"2423","ASV_6807"
"2424","ASV_6808"
"2425","ASV_6810"
"2426","ASV_6811"
"2427","ASV_6812"
"2428","ASV_6816"
"2429","ASV_6818"
"2430","ASV_6819"
"2431","ASV_6822"
"2432","ASV_6823"
"2433","ASV_6828"
"2434","ASV_6832"
"2435","ASV_6833"
"2436","ASV_6834"
"2437","ASV_6835"
"2438","ASV_6838"
"2439","ASV_6843"
"2440","ASV_6845"
"2441","ASV_6851"
"2442","ASV_6852"
"2443","ASV_6855"
"2444","ASV_6864"
"2445","ASV_6868"
"2446","ASV_6871"
"2447","ASV_6872"
"2448","ASV_6873"
"2449","ASV_6878"
"2450","ASV_6884"
"2451","ASV_6888"
"2452","ASV_6889"
"2453","ASV_6890"
"2454","ASV_6893"
"2455","ASV_6894"
"2456","ASV_6895"
"2457","ASV_6899"
"2458","ASV_6900"
"2459","ASV_6901"
"2460","ASV_6902"
"2461","ASV_6903"
"2462","ASV_6904"
"2463","ASV_6906"
"2464","ASV_6908"
"2465","ASV_6909"
"2466","ASV_6911"
"2467","ASV_6914"
"2468","ASV_6924"
"2469","ASV_6927"
"2470","ASV_6932"
"2471","ASV_6935"
"2472","ASV_6940"
"2473","ASV_6942"
"2474","ASV_6954"
"2475","ASV_6957"
"2476","ASV_6961"
"2477","ASV_6965"
"2478","ASV_6966"
"2479","ASV_6970"
"2480","ASV_6973"
"2481","ASV_6975"
"2482","ASV_6977"
"2483","ASV_6984"
"2484","ASV_6987"
"2485","ASV_6988"
"2486","ASV_6991"
"2487","ASV_6992"
"2488","ASV_6993"
"2489","ASV_6994"
"2490","ASV_6995"
"2491","ASV_6996"
"2492","ASV_7000"
"2493","ASV_7001"
"2494","ASV_7002"
"2495","ASV_7003"
"2496","ASV_7006"
"2497","ASV_7007"
"2498","ASV_7011"
"2499","ASV_7012"
"2500","ASV_7013"
"2501","ASV_7015"
"2502","ASV_7017"
"2503","ASV_7024"
"2504","ASV_7028"
"2505","ASV_7035"
"2506","ASV_7042"
"2507","ASV_7054"
"2508","ASV_7056"
"2509","ASV_7057"
"2510","ASV_7060"
"2511","ASV_7061"
"2512","ASV_7063"
"2513","ASV_7064"
"2514","ASV_7065"
"2515","ASV_7066"
"2516","ASV_7067"
"2517","ASV_7068"
"2518","ASV_7070"
"2519","ASV_7072"
"2520","ASV_7076"
"2521","ASV_7078"
"2522","ASV_7079"
"2523","ASV_7080"
"2524","ASV_7081"
"2525","ASV_7082"
"2526","ASV_7083"
"2527","ASV_7086"
"2528","ASV_7088"
"2529","ASV_7091"
"2530","ASV_7092"
"2531","ASV_7094"
"2532","ASV_7095"
"2533","ASV_7096"
"2534","ASV_7097"
"2535","ASV_7098"
"2536","ASV_7102"
"2537","ASV_7106"
"2538","ASV_7112"
"2539","ASV_7115"
"2540","ASV_7116"
"2541","ASV_7122"
"2542","ASV_7135"
"2543","ASV_7136"
"2544","ASV_7137"
"2545","ASV_7139"
"2546","ASV_7140"
"2547","ASV_7141"
"2548","ASV_7143"
"2549","ASV_7144"
"2550","ASV_7149"
"2551","ASV_7152"
"2552","ASV_7154"
"2553","ASV_7155"
"2554","ASV_7158"
"2555","ASV_7161"
"2556","ASV_7163"
"2557","ASV_7166"
"2558","ASV_7167"
"2559","ASV_7170"
"2560","ASV_7173"
"2561","ASV_7175"
"2562","ASV_7177"
"2563","ASV_7178"
"2564","ASV_7179"
"2565","ASV_7180"
"2566","ASV_7181"
"2567","ASV_7182"
"2568","ASV_7183"
"2569","ASV_7184"
"2570","ASV_7185"
"2571","ASV_7186"
"2572","ASV_7187"
"2573","ASV_7188"
"2574","ASV_7193"
"2575","ASV_7198"
"2576","ASV_7205"
"2577","ASV_7212"
"2578","ASV_7230"
"2579","ASV_7238"
"2580","ASV_7239"
"2581","ASV_7241"
"2582","ASV_7242"
"2583","ASV_7247"
"2584","ASV_7248"
"2585","ASV_7249"
"2586","ASV_7251"
"2587","ASV_7252"
"2588","ASV_7257"
"2589","ASV_7262"
"2590","ASV_7267"
"2591","ASV_7269"
"2592","ASV_7270"
"2593","ASV_7274"
"2594","ASV_7275"
"2595","ASV_7277"
"2596","ASV_7279"
"2597","ASV_7280"
"2598","ASV_7286"
"2599","ASV_7289"
"2600","ASV_7291"
"2601","ASV_7292"
"2602","ASV_7293"
"2603","ASV_7294"
"2604","ASV_7295"
"2605","ASV_7297"
"2606","ASV_7299"
"2607","ASV_7309"
"2608","ASV_7312"
"2609","ASV_7313"
"2610","ASV_7317"
"2611","ASV_7323"
"2612","ASV_7324"
"2613","ASV_7327"
"2614","ASV_7328"
"2615","ASV_7345"
"2616","ASV_7347"
"2617","ASV_7349"
"2618","ASV_7350"
"2619","ASV_7354"
"2620","ASV_7358"
"2621","ASV_7359"
"2622","ASV_7363"
"2623","ASV_7364"
"2624","ASV_7372"
"2625","ASV_7374"
"2626","ASV_7378"
"2627","ASV_7380"
"2628","ASV_7381"
"2629","ASV_7382"
"2630","ASV_7383"
"2631","ASV_7385"
"2632","ASV_7390"
"2633","ASV_7393"
"2634","ASV_7394"
"2635","ASV_7395"
"2636","ASV_7396"
"2637","ASV_7397"
"2638","ASV_7398"
"2639","ASV_7401"
"2640","ASV_7402"
"2641","ASV_7403"
"2642","ASV_7407"
"2643","ASV_7409"
"2644","ASV_7410"
"2645","ASV_7417"
"2646","ASV_7422"
"2647","ASV_7425"
"2648","ASV_7426"
"2649","ASV_7438"
"2650","ASV_7444"
"2651","ASV_7447"
"2652","ASV_7448"
"2653","ASV_7451"
"2654","ASV_7452"
"2655","ASV_7453"
"2656","ASV_7455"
"2657","ASV_7456"
"2658","ASV_7457"
"2659","ASV_7458"
"2660","ASV_7460"
"2661","ASV_7465"
"2662","ASV_7467"
"2663","ASV_7469"
"2664","ASV_7472"
"2665","ASV_7475"
"2666","ASV_7479"
"2667","ASV_7483"
"2668","ASV_7484"
"2669","ASV_7489"
"2670","ASV_7490"
"2671","ASV_7491"
"2672","ASV_7492"
"2673","ASV_7493"
"2674","ASV_7496"
"2675","ASV_7501"
"2676","ASV_7502"
"2677","ASV_7503"
"2678","ASV_7505"
"2679","ASV_7506"
"2680","ASV_7507"
"2681","ASV_7508"
"2682","ASV_7509"
"2683","ASV_7510"
"2684","ASV_7511"
"2685","ASV_7517"
"2686","ASV_7520"
"2687","ASV_7523"
"2688","ASV_7525"
"2689","ASV_7530"
"2690","ASV_7535"
"2691","ASV_7537"
"2692","ASV_7544"
"2693","ASV_7546"
"2694","ASV_7548"
"2695","ASV_7550"
"2696","ASV_7552"
"2697","ASV_7556"
"2698","ASV_7557"
"2699","ASV_7562"
"2700","ASV_7564"
"2701","ASV_7567"
"2702","ASV_7569"
"2703","ASV_7570"
"2704","ASV_7577"
"2705","ASV_7581"
"2706","ASV_7584"
"2707","ASV_7592"
"2708","ASV_7593"
"2709","ASV_7594"
"2710","ASV_7596"
"2711","ASV_7597"
"2712","ASV_7598"
"2713","ASV_7599"
"2714","ASV_7601"
"2715","ASV_7604"
"2716","ASV_7607"
"2717","ASV_7609"
"2718","ASV_7610"
"2719","ASV_7611"
"2720","ASV_7613"
"2721","ASV_7614"
"2722","ASV_7617"
"2723","ASV_7618"
"2724","ASV_7619"
"2725","ASV_7620"
"2726","ASV_7621"
"2727","ASV_7635"
"2728","ASV_7651"
"2729","ASV_7652"
"2730","ASV_7653"
"2731","ASV_7657"
"2732","ASV_7658"
"2733","ASV_7660"
"2734","ASV_7662"
"2735","ASV_7663"
"2736","ASV_7664"
"2737","ASV_7665"
"2738","ASV_7666"
"2739","ASV_7669"
"2740","ASV_7672"
"2741","ASV_7674"
"2742","ASV_7677"
"2743","ASV_7678"
"2744","ASV_7680"
"2745","ASV_7686"
"2746","ASV_7687"
"2747","ASV_7688"
"2748","ASV_7689"
"2749","ASV_7692"
"2750","ASV_7694"
"2751","ASV_7696"
"2752","ASV_7702"
"2753","ASV_7703"
"2754","ASV_7705"
"2755","ASV_7706"
"2756","ASV_7707"
"2757","ASV_7710"
"2758","ASV_7711"
"2759","ASV_7713"
"2760","ASV_7715"
"2761","ASV_7716"
"2762","ASV_7719"
"2763","ASV_7721"
"2764","ASV_7722"
"2765","ASV_7723"
"2766","ASV_7725"
"2767","ASV_7734"
"2768","ASV_7735"
"2769","ASV_7749"
"2770","ASV_7750"
"2771","ASV_7752"
"2772","ASV_7754"
"2773","ASV_7756"
"2774","ASV_7757"
"2775","ASV_7758"
"2776","ASV_7767"
"2777","ASV_7770"
"2778","ASV_7772"
"2779","ASV_7781"
"2780","ASV_7782"
"2781","ASV_7785"
"2782","ASV_7786"
"2783","ASV_7787"
"2784","ASV_7794"
"2785","ASV_7796"
"2786","ASV_7797"
"2787","ASV_7798"
"2788","ASV_7800"
"2789","ASV_7803"
"2790","ASV_7805"
"2791","ASV_7807"
"2792","ASV_7808"
"2793","ASV_7812"
"2794","ASV_7815"
"2795","ASV_7816"
"2796","ASV_7818"
"2797","ASV_7820"
"2798","ASV_7821"
"2799","ASV_7822"
"2800","ASV_7825"
"2801","ASV_7827"
"2802","ASV_7828"
"2803","ASV_7830"
"2804","ASV_7831"
"2805","ASV_7834"
"2806","ASV_7835"
"2807","ASV_7836"
"2808","ASV_7856"
"2809","ASV_7885"
"2810","ASV_7888"
"2811","ASV_7889"
"2812","ASV_7891"
"2813","ASV_7893"
"2814","ASV_7894"
"2815","ASV_7895"
"2816","ASV_7897"
"2817","ASV_7899"
"2818","ASV_7900"
"2819","ASV_7901"
"2820","ASV_7902"
"2821","ASV_7904"
"2822","ASV_7906"
"2823","ASV_7908"
"2824","ASV_7910"
"2825","ASV_7911"
"2826","ASV_7912"
"2827","ASV_7914"
"2828","ASV_7917"
"2829","ASV_7920"
"2830","ASV_7922"
"2831","ASV_7930"
"2832","ASV_7931"
"2833","ASV_7933"
"2834","ASV_7934"
"2835","ASV_7935"
"2836","ASV_7936"
"2837","ASV_7942"
"2838","ASV_7943"
"2839","ASV_7944"
"2840","ASV_7945"
"2841","ASV_7947"
"2842","ASV_7950"
"2843","ASV_7954"
"2844","ASV_7955"
"2845","ASV_7956"
"2846","ASV_7957"
"2847","ASV_7960"
"2848","ASV_7961"
"2849","ASV_7963"
"2850","ASV_7964"
"2851","ASV_7968"
"2852","ASV_7970"
"2853","ASV_7971"
"2854","ASV_7972"
"2855","ASV_7973"
"2856","ASV_7982"
"2857","ASV_7983"
"2858","ASV_7986"
"2859","ASV_7987"
"2860","ASV_7990"
"2861","ASV_7991"
"2862","ASV_8000"
"2863","ASV_8011"
"2864","ASV_8012"
"2865","ASV_8013"
"2866","ASV_8017"
"2867","ASV_8018"
"2868","ASV_8019"
"2869","ASV_8021"
"2870","ASV_8023"
"2871","ASV_8025"
"2872","ASV_8027"
"2873","ASV_8031"
"2874","ASV_8033"
"2875","ASV_8035"
"2876","ASV_8037"
"2877","ASV_8039"
"2878","ASV_8040"
"2879","ASV_8041"
"2880","ASV_8044"
"2881","ASV_8045"
"2882","ASV_8052"
"2883","ASV_8054"
"2884","ASV_8057"
"2885","ASV_8061"
"2886","ASV_8065"
"2887","ASV_8067"
"2888","ASV_8068"
"2889","ASV_8069"
"2890","ASV_8070"
"2891","ASV_8072"
"2892","ASV_8078"
"2893","ASV_8079"
"2894","ASV_8083"
"2895","ASV_8085"
"2896","ASV_8086"
"2897","ASV_8087"
"2898","ASV_8089"
"2899","ASV_8090"
"2900","ASV_8092"
"2901","ASV_8094"
"2902","ASV_8095"
"2903","ASV_8096"
"2904","ASV_8099"
"2905","ASV_8100"
"2906","ASV_8101"
"2907","ASV_8102"
"2908","ASV_8103"
"2909","ASV_8105"
"2910","ASV_8108"
"2911","ASV_8109"
"2912","ASV_8111"
"2913","ASV_8134"
"2914","ASV_8140"
"2915","ASV_8144"
"2916","ASV_8152"
"2917","ASV_8154"
"2918","ASV_8155"
"2919","ASV_8157"
"2920","ASV_8160"
"2921","ASV_8161"
"2922","ASV_8163"
"2923","ASV_8166"
"2924","ASV_8169"
"2925","ASV_8170"
"2926","ASV_8172"
"2927","ASV_8181"
"2928","ASV_8182"
"2929","ASV_8188"
"2930","ASV_8189"
"2931","ASV_8192"
"2932","ASV_8195"
"2933","ASV_8197"
"2934","ASV_8199"
"2935","ASV_8200"
"2936","ASV_8203"
"2937","ASV_8204"
"2938","ASV_8206"
"2939","ASV_8207"
"2940","ASV_8210"
"2941","ASV_8211"
"2942","ASV_8212"
"2943","ASV_8215"
"2944","ASV_8220"
"2945","ASV_8221"
"2946","ASV_8222"
"2947","ASV_8224"
"2948","ASV_8227"
"2949","ASV_8228"
"2950","ASV_8230"
"2951","ASV_8232"
"2952","ASV_8235"
"2953","ASV_8237"
"2954","ASV_8239"
"2955","ASV_8245"
"2956","ASV_8246"
"2957","ASV_8247"
"2958","ASV_8248"
"2959","ASV_8249"
"2960","ASV_8250"
"2961","ASV_8252"
"2962","ASV_8253"
"2963","ASV_8254"
"2964","ASV_8259"
"2965","ASV_8262"
"2966","ASV_8263"
"2967","ASV_8264"
"2968","ASV_8265"
"2969","ASV_8266"
"2970","ASV_8280"
"2971","ASV_8290"
"2972","ASV_8297"
"2973","ASV_8302"
"2974","ASV_8303"
"2975","ASV_8304"
"2976","ASV_8305"
"2977","ASV_8307"
"2978","ASV_8308"
"2979","ASV_8310"
"2980","ASV_8312"
"2981","ASV_8313"
"2982","ASV_8314"
"2983","ASV_8317"
"2984","ASV_8319"
"2985","ASV_8320"
"2986","ASV_8323"
"2987","ASV_8324"
"2988","ASV_8330"
"2989","ASV_8331"
"2990","ASV_8332"
"2991","ASV_8334"
"2992","ASV_8335"
"2993","ASV_8336"
"2994","ASV_8338"
"2995","ASV_8339"
"2996","ASV_8343"
"2997","ASV_8346"
"2998","ASV_8347"
"2999","ASV_8349"
"3000","ASV_8350"
"3001","ASV_8352"
"3002","ASV_8353"
"3003","ASV_8355"
"3004","ASV_8360"
"3005","ASV_8362"
"3006","ASV_8365"
"3007","ASV_8366"
"3008","ASV_8367"
"3009","ASV_8369"
"3010","ASV_8373"
"3011","ASV_8376"
"3012","ASV_8377"
"3013","ASV_8379"
"3014","ASV_8382"
"3015","ASV_8384"
"3016","ASV_8385"
"3017","ASV_8386"
"3018","ASV_8389"
"3019","ASV_8392"
"3020","ASV_8394"
"3021","ASV_8395"
"3022","ASV_8396"
"3023","ASV_8397"
"3024","ASV_8399"
"3025","ASV_8400"
"3026","ASV_8401"
"3027","ASV_8405"
"3028","ASV_8407"
"3029","ASV_8408"
"3030","ASV_8409"
"3031","ASV_8413"
"3032","ASV_8414"
"3033","ASV_8416"
"3034","ASV_8417"
"3035","ASV_8418"
"3036","ASV_8422"
"3037","ASV_8423"
"3038","ASV_8424"
"3039","ASV_8425"
"3040","ASV_8426"
"3041","ASV_8427"
"3042","ASV_8428"
"3043","ASV_8429"
"3044","ASV_8432"
"3045","ASV_8438"
"3046","ASV_8447"
"3047","ASV_8459"
"3048","ASV_8471"
"3049","ASV_8472"
"3050","ASV_8475"
"3051","ASV_8476"
"3052","ASV_8477"
"3053","ASV_8481"
"3054","ASV_8482"
"3055","ASV_8484"
"3056","ASV_8485"
"3057","ASV_8486"
"3058","ASV_8487"
"3059","ASV_8490"
"3060","ASV_8491"
"3061","ASV_8492"
"3062","ASV_8493"
"3063","ASV_8494"
"3064","ASV_8497"
"3065","ASV_8502"
"3066","ASV_8503"
"3067","ASV_8505"
"3068","ASV_8507"
"3069","ASV_8510"
"3070","ASV_8513"
"3071","ASV_8514"
"3072","ASV_8516"
"3073","ASV_8519"
"3074","ASV_8520"
"3075","ASV_8524"
"3076","ASV_8525"
"3077","ASV_8526"
"3078","ASV_8528"
"3079","ASV_8529"
"3080","ASV_8532"
"3081","ASV_8534"
"3082","ASV_8535"
"3083","ASV_8536"
"3084","ASV_8537"
"3085","ASV_8538"
"3086","ASV_8539"
"3087","ASV_8540"
"3088","ASV_8541"
"3089","ASV_8543"
"3090","ASV_8546"
"3091","ASV_8547"
"3092","ASV_8553"
"3093","ASV_8556"
"3094","ASV_8557"
"3095","ASV_8558"
"3096","ASV_8559"
"3097","ASV_8560"
"3098","ASV_8561"
"3099","ASV_8563"
"3100","ASV_8564"
"3101","ASV_8565"
"3102","ASV_8566"
"3103","ASV_8567"
"3104","ASV_8569"
"3105","ASV_8571"
"3106","ASV_8572"
"3107","ASV_8574"
"3108","ASV_8575"
"3109","ASV_8576"
"3110","ASV_8584"
"3111","ASV_8585"
"3112","ASV_8586"
"3113","ASV_8587"
"3114","ASV_8590"
"3115","ASV_8592"
"3116","ASV_8593"
"3117","ASV_8595"
"3118","ASV_8596"
"3119","ASV_8597"
"3120","ASV_8599"
"3121","ASV_8606"
"3122","ASV_8612"
"3123","ASV_8614"
"3124","ASV_8621"
"3125","ASV_8622"
"3126","ASV_8629"
"3127","ASV_8647"
"3128","ASV_8648"
"3129","ASV_8650"
"3130","ASV_8651"
"3131","ASV_8654"
"3132","ASV_8658"
"3133","ASV_8660"
"3134","ASV_8661"
"3135","ASV_8663"
"3136","ASV_8664"
"3137","ASV_8665"
"3138","ASV_8666"
"3139","ASV_8668"
"3140","ASV_8669"
"3141","ASV_8672"
"3142","ASV_8673"
"3143","ASV_8674"
"3144","ASV_8675"
"3145","ASV_8676"
"3146","ASV_8677"
"3147","ASV_8678"
"3148","ASV_8679"
"3149","ASV_8681"
"3150","ASV_8682"
"3151","ASV_8683"
"3152","ASV_8684"
"3153","ASV_8685"
"3154","ASV_8686"
"3155","ASV_8690"
"3156","ASV_8691"
"3157","ASV_8692"
"3158","ASV_8694"
"3159","ASV_8696"
"3160","ASV_8705"
"3161","ASV_8706"
"3162","ASV_8711"
"3163","ASV_8721"
"3164","ASV_8722"
"3165","ASV_8723"
"3166","ASV_8724"
"3167","ASV_8725"
"3168","ASV_8726"
"3169","ASV_8727"
"3170","ASV_8729"
"3171","ASV_8730"
"3172","ASV_8733"
"3173","ASV_8735"
"3174","ASV_8737"
"3175","ASV_8740"
"3176","ASV_8741"
"3177","ASV_8743"
"3178","ASV_8744"
"3179","ASV_8745"
"3180","ASV_8746"
"3181","ASV_8748"
"3182","ASV_8749"
"3183","ASV_8750"
"3184","ASV_8751"
"3185","ASV_8752"
"3186","ASV_8755"
"3187","ASV_8757"
"3188","ASV_8758"
"3189","ASV_8761"
"3190","ASV_8764"
"3191","ASV_8766"
"3192","ASV_8767"
"3193","ASV_8769"
"3194","ASV_8770"
"3195","ASV_8771"
"3196","ASV_8772"
"3197","ASV_8773"
"3198","ASV_8774"
"3199","ASV_8776"
"3200","ASV_8777"
"3201","ASV_8779"
"3202","ASV_8784"
"3203","ASV_8791"
"3204","ASV_8809"
"3205","ASV_8811"
"3206","ASV_8812"
"3207","ASV_8814"
"3208","ASV_8817"
"3209","ASV_8818"
"3210","ASV_8820"
"3211","ASV_8821"
"3212","ASV_8823"
"3213","ASV_8825"
"3214","ASV_8827"
"3215","ASV_8828"
"3216","ASV_8829"
"3217","ASV_8830"
"3218","ASV_8832"
"3219","ASV_8835"
"3220","ASV_8837"
"3221","ASV_8840"
"3222","ASV_8841"
"3223","ASV_8842"
"3224","ASV_8846"
"3225","ASV_8847"
"3226","ASV_8850"
"3227","ASV_8856"
"3228","ASV_8859"
"3229","ASV_8861"
"3230","ASV_8863"
"3231","ASV_8866"
"3232","ASV_8871"
"3233","ASV_8876"
"3234","ASV_8877"
"3235","ASV_8879"
"3236","ASV_8882"
"3237","ASV_8883"
"3238","ASV_8886"
"3239","ASV_8887"
"3240","ASV_8888"
"3241","ASV_8889"
"3242","ASV_8890"
"3243","ASV_8891"
"3244","ASV_8892"
"3245","ASV_8894"
"3246","ASV_8897"
"3247","ASV_8898"
"3248","ASV_8899"
"3249","ASV_8900"
"3250","ASV_8901"
"3251","ASV_8902"
"3252","ASV_8903"
"3253","ASV_8907"
"3254","ASV_8911"
"3255","ASV_8912"
"3256","ASV_8913"
"3257","ASV_8914"
"3258","ASV_8915"
"3259","ASV_8916"
"3260","ASV_8917"
"3261","ASV_8918"
"3262","ASV_8921"
"3263","ASV_8922"
"3264","ASV_8924"
"3265","ASV_8925"
"3266","ASV_8926"
"3267","ASV_8927"
"3268","ASV_8928"
"3269","ASV_8931"
"3270","ASV_8932"
"3271","ASV_8933"
"3272","ASV_8934"
"3273","ASV_8935"
"3274","ASV_8936"
"3275","ASV_8940"
"3276","ASV_8941"
"3277","ASV_8942"
"3278","ASV_8943"
"3279","ASV_8944"
"3280","ASV_8945"
"3281","ASV_8946"
"3282","ASV_8947"
"3283","ASV_8950"
"3284","ASV_8951"
"3285","ASV_8952"
"3286","ASV_8953"
"3287","ASV_8954"
"3288","ASV_8956"
"3289","ASV_8970"
"3290","ASV_8991"
"3291","ASV_8998"
"3292","ASV_8999"
"3293","ASV_9000"
"3294","ASV_9003"
"3295","ASV_9004"
"3296","ASV_9006"
"3297","ASV_9007"
"3298","ASV_9008"
"3299","ASV_9009"
"3300","ASV_9011"
"3301","ASV_9012"
"3302","ASV_9014"
"3303","ASV_9016"
"3304","ASV_9017"
"3305","ASV_9024"
"3306","ASV_9026"
"3307","ASV_9027"
"3308","ASV_9028"
"3309","ASV_9030"
"3310","ASV_9032"
"3311","ASV_9033"
"3312","ASV_9035"
"3313","ASV_9036"
"3314","ASV_9037"
"3315","ASV_9038"
"3316","ASV_9040"
"3317","ASV_9041"
"3318","ASV_9053"
"3319","ASV_9055"
"3320","ASV_9056"
"3321","ASV_9058"
"3322","ASV_9059"
"3323","ASV_9061"
"3324","ASV_9062"
"3325","ASV_9064"
"3326","ASV_9065"
"3327","ASV_9067"
"3328","ASV_9072"
"3329","ASV_9073"
"3330","ASV_9074"
"3331","ASV_9080"
"3332","ASV_9082"
"3333","ASV_9087"
"3334","ASV_9094"
"3335","ASV_9095"
"3336","ASV_9096"
"3337","ASV_9103"
"3338","ASV_9105"
"3339","ASV_9114"
"3340","ASV_9115"
"3341","ASV_9119"
"3342","ASV_9120"
"3343","ASV_9121"
"3344","ASV_9124"
"3345","ASV_9125"
"3346","ASV_9127"
"3347","ASV_9128"
"3348","ASV_9129"
"3349","ASV_9131"
"3350","ASV_9132"
"3351","ASV_9134"
"3352","ASV_9135"
"3353","ASV_9136"
"3354","ASV_9137"
"3355","ASV_9138"
"3356","ASV_9139"
"3357","ASV_9140"
"3358","ASV_9141"
"3359","ASV_9142"
"3360","ASV_9143"
"3361","ASV_9144"
"3362","ASV_9148"
"3363","ASV_9149"
"3364","ASV_9151"
"3365","ASV_9153"
"3366","ASV_9158"
"3367","ASV_9159"
"3368","ASV_9161"
"3369","ASV_9162"
"3370","ASV_9164"
"3371","ASV_9166"
"3372","ASV_9167"
"3373","ASV_9168"
"3374","ASV_9169"
"3375","ASV_9171"
"3376","ASV_9172"
"3377","ASV_9173"
"3378","ASV_9174"
"3379","ASV_9175"
"3380","ASV_9182"
"3381","ASV_9183"
"3382","ASV_9193"
"3383","ASV_9195"
"3384","ASV_9198"
"3385","ASV_9200"
"3386","ASV_9217"
"3387","ASV_9221"
"3388","ASV_9224"
"3389","ASV_9225"
"3390","ASV_9227"
"3391","ASV_9234"
"3392","ASV_9235"
"3393","ASV_9236"
"3394","ASV_9238"
"3395","ASV_9243"
"3396","ASV_9246"
"3397","ASV_9247"
"3398","ASV_9250"
"3399","ASV_9252"
"3400","ASV_9253"
"3401","ASV_9258"
"3402","ASV_9262"
"3403","ASV_9264"
"3404","ASV_9266"
"3405","ASV_9269"
"3406","ASV_9271"
"3407","ASV_9273"
"3408","ASV_9275"
"3409","ASV_9277"
"3410","ASV_9279"
"3411","ASV_9280"
"3412","ASV_9285"
"3413","ASV_9288"
"3414","ASV_9290"
"3415","ASV_9295"
"3416","ASV_9296"
"3417","ASV_9297"
"3418","ASV_9298"
"3419","ASV_9306"
"3420","ASV_9314"
"3421","ASV_9316"
"3422","ASV_9317"
"3423","ASV_9320"
"3424","ASV_9324"
"3425","ASV_9329"
"3426","ASV_9330"
"3427","ASV_9331"
"3428","ASV_9333"
"3429","ASV_9334"
"3430","ASV_9335"
"3431","ASV_9336"
"3432","ASV_9340"
"3433","ASV_9344"
"3434","ASV_9347"
"3435","ASV_9348"
"3436","ASV_9349"
"3437","ASV_9351"
"3438","ASV_9352"
"3439","ASV_9353"
"3440","ASV_9354"
"3441","ASV_9355"
"3442","ASV_9357"
"3443","ASV_9358"
"3444","ASV_9359"
"3445","ASV_9360"
"3446","ASV_9361"
"3447","ASV_9362"
"3448","ASV_9364"
"3449","ASV_9365"
"3450","ASV_9366"
"3451","ASV_9367"
"3452","ASV_9368"
"3453","ASV_9369"
"3454","ASV_9370"
"3455","ASV_9371"
"3456","ASV_9378"
"3457","ASV_9379"
"3458","ASV_9380"
"3459","ASV_9383"
"3460","ASV_9387"
"3461","ASV_9389"
"3462","ASV_9407"
"3463","ASV_9420"
"3464","ASV_9421"
"3465","ASV_9423"
"3466","ASV_9424"
"3467","ASV_9427"
"3468","ASV_9430"
"3469","ASV_9431"
"3470","ASV_9432"
"3471","ASV_9433"
"3472","ASV_9434"
"3473","ASV_9437"
"3474","ASV_9438"
"3475","ASV_9441"
"3476","ASV_9443"
"3477","ASV_9444"
"3478","ASV_9446"
"3479","ASV_9447"
"3480","ASV_9450"
"3481","ASV_9451"
"3482","ASV_9452"
"3483","ASV_9454"
"3484","ASV_9457"
"3485","ASV_9458"
"3486","ASV_9459"
"3487","ASV_9460"
"3488","ASV_9463"
"3489","ASV_9467"
"3490","ASV_9468"
"3491","ASV_9469"
"3492","ASV_9474"
"3493","ASV_9476"
"3494","ASV_9477"
"3495","ASV_9479"
"3496","ASV_9481"
"3497","ASV_9482"
"3498","ASV_9483"
"3499","ASV_9484"
"3500","ASV_9488"
"3501","ASV_9489"
"3502","ASV_9490"
"3503","ASV_9492"
"3504","ASV_9493"
"3505","ASV_9494"
"3506","ASV_9498"
"3507","ASV_9500"
"3508","ASV_9503"
"3509","ASV_9505"
"3510","ASV_9508"
"3511","ASV_9509"
"3512","ASV_9513"
"3513","ASV_9514"
"3514","ASV_9515"
"3515","ASV_9516"
"3516","ASV_9517"
"3517","ASV_9522"
"3518","ASV_9524"
"3519","ASV_9527"
"3520","ASV_9530"
"3521","ASV_9532"
"3522","ASV_9539"
"3523","ASV_9542"
"3524","ASV_9543"
"3525","ASV_9545"
"3526","ASV_9546"
"3527","ASV_9548"
"3528","ASV_9555"
"3529","ASV_9556"
"3530","ASV_9557"
"3531","ASV_9558"
"3532","ASV_9559"
"3533","ASV_9560"
"3534","ASV_9561"
"3535","ASV_9562"
"3536","ASV_9563"
"3537","ASV_9564"
"3538","ASV_9565"
"3539","ASV_9566"
"3540","ASV_9568"
"3541","ASV_9569"
"3542","ASV_9570"
"3543","ASV_9571"
"3544","ASV_9573"
"3545","ASV_9574"
"3546","ASV_9575"
"3547","ASV_9576"
"3548","ASV_9577"
"3549","ASV_9578"
"3550","ASV_9581"
"3551","ASV_9582"
"3552","ASV_9583"
"3553","ASV_9585"
"3554","ASV_9586"
"3555","ASV_9587"
"3556","ASV_9589"
"3557","ASV_9590"
"3558","ASV_9591"
"3559","ASV_9592"
"3560","ASV_9594"
"3561","ASV_9595"
"3562","ASV_9596"
"3563","ASV_9597"
"3564","ASV_9598"
"3565","ASV_9599"
"3566","ASV_9612"
"3567","ASV_9619"
"3568","ASV_9637"
"3569","ASV_9639"
"3570","ASV_9645"
"3571","ASV_9650"
"3572","ASV_9651"
"3573","ASV_9652"
"3574","ASV_9653"
"3575","ASV_9654"
"3576","ASV_9662"
"3577","ASV_9665"
"3578","ASV_9666"
"3579","ASV_9667"
"3580","ASV_9668"
"3581","ASV_9669"
"3582","ASV_9670"
"3583","ASV_9672"
"3584","ASV_9673"
"3585","ASV_9676"
"3586","ASV_9681"
"3587","ASV_9682"
"3588","ASV_9686"
"3589","ASV_9687"
"3590","ASV_9688"
"3591","ASV_9689"
"3592","ASV_9691"
"3593","ASV_9692"
"3594","ASV_9696"
"3595","ASV_9700"
"3596","ASV_9704"
"3597","ASV_9707"
"3598","ASV_9708"
"3599","ASV_9709"
"3600","ASV_9710"
"3601","ASV_9713"
"3602","ASV_9714"
"3603","ASV_9716"
"3604","ASV_9718"
"3605","ASV_9721"
"3606","ASV_9722"
"3607","ASV_9723"
"3608","ASV_9725"
"3609","ASV_9727"
"3610","ASV_9729"
"3611","ASV_9735"
"3612","ASV_9737"
"3613","ASV_9740"
"3614","ASV_9745"
"3615","ASV_9747"
"3616","ASV_9748"
"3617","ASV_9750"
"3618","ASV_9751"
"3619","ASV_9752"
"3620","ASV_9754"
"3621","ASV_9769"
"3622","ASV_9773"
"3623","ASV_9779"
"3624","ASV_9785"
"3625","ASV_9786"
"3626","ASV_9789"
"3627","ASV_9790"
"3628","ASV_9792"
"3629","ASV_9796"
"3630","ASV_9800"
"3631","ASV_9801"
"3632","ASV_9802"
"3633","ASV_9804"
"3634","ASV_9805"
"3635","ASV_9808"
"3636","ASV_9809"
"3637","ASV_9810"
"3638","ASV_9811"
"3639","ASV_9812"
"3640","ASV_9813"
"3641","ASV_9815"
"3642","ASV_9816"
"3643","ASV_9817"
"3644","ASV_9818"
"3645","ASV_9819"
"3646","ASV_9821"
"3647","ASV_9822"
"3648","ASV_9823"
"3649","ASV_9824"
"3650","ASV_9826"
"3651","ASV_9830"
"3652","ASV_9832"
"3653","ASV_9833"
"3654","ASV_9834"
"3655","ASV_9837"
"3656","ASV_9838"
"3657","ASV_9839"
"3658","ASV_9841"
"3659","ASV_9846"
"3660","ASV_9852"
"3661","ASV_9857"
"3662","ASV_9858"
"3663","ASV_9860"
"3664","ASV_9867"
"3665","ASV_9870"
"3666","ASV_9873"
"3667","ASV_9874"
"3668","ASV_9876"
"3669","ASV_9877"
"3670","ASV_9888"
"3671","ASV_9907"
"3672","ASV_9923"
"3673","ASV_9924"
"3674","ASV_9926"
"3675","ASV_9927"
"3676","ASV_9928"
"3677","ASV_9931"
"3678","ASV_9934"
"3679","ASV_9937"
"3680","ASV_9938"
"3681","ASV_9939"
"3682","ASV_9940"
"3683","ASV_9942"
"3684","ASV_9943"
"3685","ASV_9945"
"3686","ASV_9946"
"3687","ASV_9948"
"3688","ASV_9953"
"3689","ASV_9954"
"3690","ASV_9955"
"3691","ASV_9956"
"3692","ASV_9958"
"3693","ASV_9959"
"3694","ASV_9960"
"3695","ASV_9961"
"3696","ASV_9963"
"3697","ASV_9965"
"3698","ASV_9967"
"3699","ASV_9970"
"3700","ASV_9971"
"3701","ASV_9973"
"3702","ASV_9974"
"3703","ASV_9976"
"3704","ASV_9977"
"3705","ASV_9979"
"3706","ASV_9981"
"3707","ASV_9982"
"3708","ASV_9983"
"3709","ASV_9984"
"3710","ASV_9987"
"3711","ASV_9990"
"3712","ASV_9991"
"3713","ASV_9992"
"3714","ASV_9996"
"3715","ASV_10005"
"3716","ASV_10015"
"3717","ASV_10018"
"3718","ASV_10019"
"3719","ASV_10020"
"3720","ASV_10021"
"3721","ASV_10027"
"3722","ASV_10028"
"3723","ASV_10033"
"3724","ASV_10034"
"3725","ASV_10042"
"3726","ASV_10043"
"3727","ASV_10045"
"3728","ASV_10055"
"3729","ASV_10057"
"3730","ASV_10059"
"3731","ASV_10063"
"3732","ASV_10068"
"3733","ASV_10071"
"3734","ASV_10076"
"3735","ASV_10079"
"3736","ASV_10082"
"3737","ASV_10084"
"3738","ASV_10092"
"3739","ASV_10095"
"3740","ASV_10097"
"3741","ASV_10101"
"3742","ASV_10103"
"3743","ASV_10106"
"3744","ASV_10107"
"3745","ASV_10109"
"3746","ASV_10110"
"3747","ASV_10111"
"3748","ASV_10113"
"3749","ASV_10114"
"3750","ASV_10115"
"3751","ASV_10116"
"3752","ASV_10117"
"3753","ASV_10118"
"3754","ASV_10119"
"3755","ASV_10120"
"3756","ASV_10121"
"3757","ASV_10123"
"3758","ASV_10125"
"3759","ASV_10126"
"3760","ASV_10130"
"3761","ASV_10131"
"3762","ASV_10136"
"3763","ASV_10137"
"3764","ASV_10139"
"3765","ASV_10141"
"3766","ASV_10142"
"3767","ASV_10143"
"3768","ASV_10145"
"3769","ASV_10146"
"3770","ASV_10147"
"3771","ASV_10149"
"3772","ASV_10156"
"3773","ASV_10160"
"3774","ASV_10166"
"3775","ASV_10167"
"3776","ASV_10168"
"3777","ASV_10169"
"3778","ASV_10170"
"3779","ASV_10171"
"3780","ASV_10178"
"3781","ASV_10179"
"3782","ASV_10182"
"3783","ASV_10183"
"3784","ASV_10184"
"3785","ASV_10185"
"3786","ASV_10186"
"3787","ASV_10187"
"3788","ASV_10188"
"3789","ASV_10189"
"3790","ASV_10191"
"3791","ASV_10193"
"3792","ASV_10209"
"3793","ASV_10228"
"3794","ASV_10229"
"3795","ASV_10231"
"3796","ASV_10234"
"3797","ASV_10237"
"3798","ASV_10239"
"3799","ASV_10240"
"3800","ASV_10241"
"3801","ASV_10247"
"3802","ASV_10248"
"3803","ASV_10249"
"3804","ASV_10250"
"3805","ASV_10252"
"3806","ASV_10255"
"3807","ASV_10256"
"3808","ASV_10257"
"3809","ASV_10259"
"3810","ASV_10263"
"3811","ASV_10265"
"3812","ASV_10268"
"3813","ASV_10271"
"3814","ASV_10272"
"3815","ASV_10273"
"3816","ASV_10274"
"3817","ASV_10283"
"3818","ASV_10284"
"3819","ASV_10288"
"3820","ASV_10289"
"3821","ASV_10293"
"3822","ASV_10298"
"3823","ASV_10301"
"3824","ASV_10302"
"3825","ASV_10303"
"3826","ASV_10305"
"3827","ASV_10306"
"3828","ASV_10307"
"3829","ASV_10308"
"3830","ASV_10310"
"3831","ASV_10311"
"3832","ASV_10318"
"3833","ASV_10319"
"3834","ASV_10320"
"3835","ASV_10323"
"3836","ASV_10326"
"3837","ASV_10329"
"3838","ASV_10330"
"3839","ASV_10335"
"3840","ASV_10337"
"3841","ASV_10338"
"3842","ASV_10345"
"3843","ASV_10348"
"3844","ASV_10352"
"3845","ASV_10358"
"3846","ASV_10359"
"3847","ASV_10361"
"3848","ASV_10364"
"3849","ASV_10369"
"3850","ASV_10375"
"3851","ASV_10379"
"3852","ASV_10381"
"3853","ASV_10384"
"3854","ASV_10386"
"3855","ASV_10390"
"3856","ASV_10392"
"3857","ASV_10395"
"3858","ASV_10398"
"3859","ASV_10400"
"3860","ASV_10402"
"3861","ASV_10406"
"3862","ASV_10408"
"3863","ASV_10414"
"3864","ASV_10415"
"3865","ASV_10416"
"3866","ASV_10418"
"3867","ASV_10423"
"3868","ASV_10426"
"3869","ASV_10427"
"3870","ASV_10428"
"3871","ASV_10430"
"3872","ASV_10433"
"3873","ASV_10435"
"3874","ASV_10436"
"3875","ASV_10442"
"3876","ASV_10443"
"3877","ASV_10450"
"3878","ASV_10459"
"3879","ASV_10460"
"3880","ASV_10461"
"3881","ASV_10462"
"3882","ASV_10463"
"3883","ASV_10466"
"3884","ASV_10467"
"3885","ASV_10468"
"3886","ASV_10469"
"3887","ASV_10471"
"3888","ASV_10472"
"3889","ASV_10477"
"3890","ASV_10478"
"3891","ASV_10479"
"3892","ASV_10480"
"3893","ASV_10481"
"3894","ASV_10483"
"3895","ASV_10485"
"3896","ASV_10486"
"3897","ASV_10488"
"3898","ASV_10489"
"3899","ASV_10491"
"3900","ASV_10492"
"3901","ASV_10493"
"3902","ASV_10494"
"3903","ASV_10495"
"3904","ASV_10496"
"3905","ASV_10497"
"3906","ASV_10498"
"3907","ASV_10500"
"3908","ASV_10504"
"3909","ASV_10505"
"3910","ASV_10508"
"3911","ASV_10517"
"3912","ASV_10519"
"3913","ASV_10520"
"3914","ASV_10524"
"3915","ASV_10525"
"3916","ASV_10527"
"3917","ASV_10529"
"3918","ASV_10533"
"3919","ASV_10542"
"3920","ASV_10544"
"3921","ASV_10545"
"3922","ASV_10546"
"3923","ASV_10551"
"3924","ASV_10588"
"3925","ASV_10589"
"3926","ASV_10591"
"3927","ASV_10592"
"3928","ASV_10593"
"3929","ASV_10601"
"3930","ASV_10604"
"3931","ASV_10607"
"3932","ASV_10613"
"3933","ASV_10614"
"3934","ASV_10615"
"3935","ASV_10618"
"3936","ASV_10619"
"3937","ASV_10624"
"3938","ASV_10626"
"3939","ASV_10629"
"3940","ASV_10631"
"3941","ASV_10633"
"3942","ASV_10634"
"3943","ASV_10636"
"3944","ASV_10637"
"3945","ASV_10638"
"3946","ASV_10639"
"3947","ASV_10643"
"3948","ASV_10644"
"3949","ASV_10645"
"3950","ASV_10648"
"3951","ASV_10649"
"3952","ASV_10650"
"3953","ASV_10652"
"3954","ASV_10660"
"3955","ASV_10661"
"3956","ASV_10662"
"3957","ASV_10664"
"3958","ASV_10665"
"3959","ASV_10666"
"3960","ASV_10669"
"3961","ASV_10676"
"3962","ASV_10678"
"3963","ASV_10683"
"3964","ASV_10692"
"3965","ASV_10693"
"3966","ASV_10697"
"3967","ASV_10701"
"3968","ASV_10703"
"3969","ASV_10714"
"3970","ASV_10725"
"3971","ASV_10727"
"3972","ASV_10730"
"3973","ASV_10731"
"3974","ASV_10732"
"3975","ASV_10735"
"3976","ASV_10739"
"3977","ASV_10740"
"3978","ASV_10743"
"3979","ASV_10745"
"3980","ASV_10746"
"3981","ASV_10749"
"3982","ASV_10754"
"3983","ASV_10756"
"3984","ASV_10757"
"3985","ASV_10762"
"3986","ASV_10763"
"3987","ASV_10765"
"3988","ASV_10766"
"3989","ASV_10767"
"3990","ASV_10768"
"3991","ASV_10780"
"3992","ASV_10781"
"3993","ASV_10783"
"3994","ASV_10786"
"3995","ASV_10793"
"3996","ASV_10794"
"3997","ASV_10798"
"3998","ASV_10799"
"3999","ASV_10801"
"4000","ASV_10802"
"4001","ASV_10803"
"4002","ASV_10804"
"4003","ASV_10807"
"4004","ASV_10811"
"4005","ASV_10814"
"4006","ASV_10817"
"4007","ASV_10821"
"4008","ASV_10822"
"4009","ASV_10824"
"4010","ASV_10825"
"4011","ASV_10829"
"4012","ASV_10832"
"4013","ASV_10842"
"4014","ASV_10843"
"4015","ASV_10849"
"4016","ASV_10850"
"4017","ASV_10854"
"4018","ASV_10856"
"4019","ASV_10857"
"4020","ASV_10858"
"4021","ASV_10860"
"4022","ASV_10861"
"4023","ASV_10862"
"4024","ASV_10864"
"4025","ASV_10865"
"4026","ASV_10868"
"4027","ASV_10872"
"4028","ASV_10878"
"4029","ASV_10884"
"4030","ASV_10887"
"4031","ASV_10888"
"4032","ASV_10895"
"4033","ASV_10899"
"4034","ASV_10900"
"4035","ASV_10902"
"4036","ASV_10903"
"4037","ASV_10905"
"4038","ASV_10907"
"4039","ASV_10910"
"4040","ASV_10913"
"4041","ASV_10915"
"4042","ASV_10916"
"4043","ASV_10917"
"4044","ASV_10918"
"4045","ASV_10919"
"4046","ASV_10921"
"4047","ASV_10927"
"4048","ASV_10930"
"4049","ASV_10931"
"4050","ASV_10933"
"4051","ASV_10936"
"4052","ASV_10980"
"4053","ASV_10984"
"4054","ASV_10985"
"4055","ASV_10986"
"4056","ASV_10990"
"4057","ASV_10991"
"4058","ASV_10994"
"4059","ASV_10995"
"4060","ASV_10996"
"4061","ASV_10998"
"4062","ASV_10999"
"4063","ASV_11001"
"4064","ASV_11008"
"4065","ASV_11009"
"4066","ASV_11012"
"4067","ASV_11013"
"4068","ASV_11015"
"4069","ASV_11016"
"4070","ASV_11017"
"4071","ASV_11025"
"4072","ASV_11028"
"4073","ASV_11031"
"4074","ASV_11037"
"4075","ASV_11038"
"4076","ASV_11040"
"4077","ASV_11042"
"4078","ASV_11043"
"4079","ASV_11053"
"4080","ASV_11056"
"4081","ASV_11061"
"4082","ASV_11062"
"4083","ASV_11063"
"4084","ASV_11069"
"4085","ASV_11071"
"4086","ASV_11076"
"4087","ASV_11077"
"4088","ASV_11078"
"4089","ASV_11081"
"4090","ASV_11091"
"4091","ASV_11099"
"4092","ASV_11104"
"4093","ASV_11107"
"4094","ASV_11108"
"4095","ASV_11110"
"4096","ASV_11130"
"4097","ASV_11136"
"4098","ASV_11137"
"4099","ASV_11142"
"4100","ASV_11144"
"4101","ASV_11145"
"4102","ASV_11149"
"4103","ASV_11151"
"4104","ASV_11164"
"4105","ASV_11165"
"4106","ASV_11172"
"4107","ASV_11173"
"4108","ASV_11174"
"4109","ASV_11177"
"4110","ASV_11180"
"4111","ASV_11188"
"4112","ASV_11190"
"4113","ASV_11192"
"4114","ASV_11194"
"4115","ASV_11196"
"4116","ASV_11198"
"4117","ASV_11210"
"4118","ASV_11213"
"4119","ASV_11215"
"4120","ASV_11217"
"4121","ASV_11225"
"4122","ASV_11226"
"4123","ASV_11227"
"4124","ASV_11229"
"4125","ASV_11236"
"4126","ASV_11238"
"4127","ASV_11239"
"4128","ASV_11241"
"4129","ASV_11242"
"4130","ASV_11249"
"4131","ASV_11253"
"4132","ASV_11254"
"4133","ASV_11256"
"4134","ASV_11257"
"4135","ASV_11260"
"4136","ASV_11265"
"4137","ASV_11268"
"4138","ASV_11269"
"4139","ASV_11270"
"4140","ASV_11272"
"4141","ASV_11276"
"4142","ASV_11279"
"4143","ASV_11281"
"4144","ASV_11285"
"4145","ASV_11287"
"4146","ASV_11290"
"4147","ASV_11293"
"4148","ASV_11295"
"4149","ASV_11296"
"4150","ASV_11309"
"4151","ASV_11310"
"4152","ASV_11318"
"4153","ASV_11319"
"4154","ASV_11320"
"4155","ASV_11321"
"4156","ASV_11324"
"4157","ASV_11327"
"4158","ASV_11334"
"4159","ASV_11338"
"4160","ASV_11340"
"4161","ASV_11341"
"4162","ASV_11342"
"4163","ASV_11344"
"4164","ASV_11345"
"4165","ASV_11355"
"4166","ASV_11356"
"4167","ASV_11357"
"4168","ASV_11359"
"4169","ASV_11360"
"4170","ASV_11361"
"4171","ASV_11365"
"4172","ASV_11373"
"4173","ASV_11377"
"4174","ASV_11406"
"4175","ASV_11417"
"4176","ASV_11418"
"4177","ASV_11420"
"4178","ASV_11423"
"4179","ASV_11424"
"4180","ASV_11426"
"4181","ASV_11428"
"4182","ASV_11432"
"4183","ASV_11439"
"4184","ASV_11441"
"4185","ASV_11444"
"4186","ASV_11446"
"4187","ASV_11450"
"4188","ASV_11453"
"4189","ASV_11459"
"4190","ASV_11464"
"4191","ASV_11466"
"4192","ASV_11469"
"4193","ASV_11474"
"4194","ASV_11475"
"4195","ASV_11478"
"4196","ASV_11479"
"4197","ASV_11481"
"4198","ASV_11482"
"4199","ASV_11483"
"4200","ASV_11484"
"4201","ASV_11487"
"4202","ASV_11489"
"4203","ASV_11492"
"4204","ASV_11493"
"4205","ASV_11496"
"4206","ASV_11499"
"4207","ASV_11503"
"4208","ASV_11504"
"4209","ASV_11506"
"4210","ASV_11509"
"4211","ASV_11510"
"4212","ASV_11514"
"4213","ASV_11520"
"4214","ASV_11535"
"4215","ASV_11541"
"4216","ASV_11544"
"4217","ASV_11546"
"4218","ASV_11550"
"4219","ASV_11552"
"4220","ASV_11557"
"4221","ASV_11563"
"4222","ASV_11573"
"4223","ASV_11580"
"4224","ASV_11582"
"4225","ASV_11583"
"4226","ASV_11590"
"4227","ASV_11609"
"4228","ASV_11613"
"4229","ASV_11614"
"4230","ASV_11620"
"4231","ASV_11624"
"4232","ASV_11625"
"4233","ASV_11626"
"4234","ASV_11632"
"4235","ASV_11634"
"4236","ASV_11639"
"4237","ASV_11642"
"4238","ASV_11645"
"4239","ASV_11655"
"4240","ASV_11660"
"4241","ASV_11667"
"4242","ASV_11672"
"4243","ASV_11673"
"4244","ASV_11680"
"4245","ASV_11681"
"4246","ASV_11682"
"4247","ASV_11685"
"4248","ASV_11687"
"4249","ASV_11688"
"4250","ASV_11691"
"4251","ASV_11697"
"4252","ASV_11699"
"4253","ASV_11700"
"4254","ASV_11704"
"4255","ASV_11706"
"4256","ASV_11715"
"4257","ASV_11726"
"4258","ASV_11727"
"4259","ASV_11733"
"4260","ASV_11739"
"4261","ASV_11740"
"4262","ASV_11743"
"4263","ASV_11745"
"4264","ASV_11746"
"4265","ASV_11748"
"4266","ASV_11751"
"4267","ASV_11753"
"4268","ASV_11759"
"4269","ASV_11762"
"4270","ASV_11763"
"4271","ASV_11764"
"4272","ASV_11765"
"4273","ASV_11768"
"4274","ASV_11769"
"4275","ASV_11774"
"4276","ASV_11779"
"4277","ASV_11784"
"4278","ASV_11793"
"4279","ASV_11797"
"4280","ASV_11798"
"4281","ASV_11799"
"4282","ASV_11800"
"4283","ASV_11801"
"4284","ASV_11804"
"4285","ASV_11805"
"4286","ASV_11809"
"4287","ASV_11823"
"4288","ASV_11831"
"4289","ASV_11835"
"4290","ASV_11849"
"4291","ASV_11857"
"4292","ASV_11864"
"4293","ASV_11874"
"4294","ASV_11877"
"4295","ASV_11880"
"4296","ASV_11896"
"4297","ASV_11900"
"4298","ASV_11903"
"4299","ASV_11904"
"4300","ASV_11907"
"4301","ASV_11909"
"4302","ASV_11919"
"4303","ASV_11926"
"4304","ASV_11928"
"4305","ASV_11929"
"4306","ASV_11936"
"4307","ASV_11942"
"4308","ASV_11945"
"4309","ASV_11950"
"4310","ASV_11958"
"4311","ASV_11960"
"4312","ASV_11965"
"4313","ASV_11969"
"4314","ASV_11975"
"4315","ASV_11989"
"4316","ASV_11990"
"4317","ASV_11992"
"4318","ASV_11993"
"4319","ASV_11994"
"4320","ASV_11995"
"4321","ASV_11999"
"4322","ASV_12003"
"4323","ASV_12008"
"4324","ASV_12011"
"4325","ASV_12013"
"4326","ASV_12016"
"4327","ASV_12022"
"4328","ASV_12031"
"4329","ASV_12037"
"4330","ASV_12038"
"4331","ASV_12043"
"4332","ASV_12044"
"4333","ASV_12058"
"4334","ASV_12059"
"4335","ASV_12065"
"4336","ASV_12092"
"4337","ASV_12093"
"4338","ASV_12096"
"4339","ASV_12100"
"4340","ASV_12105"
"4341","ASV_12106"
"4342","ASV_12114"
"4343","ASV_12116"
"4344","ASV_12119"
"4345","ASV_12124"
"4346","ASV_12125"
"4347","ASV_12130"
"4348","ASV_12133"
"4349","ASV_12134"
"4350","ASV_12139"
"4351","ASV_12152"
"4352","ASV_12157"
"4353","ASV_12166"
"4354","ASV_12172"
"4355","ASV_12178"
"4356","ASV_12179"
"4357","ASV_12186"
"4358","ASV_12193"
"4359","ASV_12197"
"4360","ASV_12204"
"4361","ASV_12206"
"4362","ASV_12207"
"4363","ASV_12217"
"4364","ASV_12218"
"4365","ASV_12220"
"4366","ASV_12225"
"4367","ASV_12229"
"4368","ASV_12231"
"4369","ASV_12232"
"4370","ASV_12237"
"4371","ASV_12264"
"4372","ASV_12277"
"4373","ASV_12283"
"4374","ASV_12284"
"4375","ASV_12288"
"4376","ASV_12293"
"4377","ASV_12294"
"4378","ASV_12295"
"4379","ASV_12299"
"4380","ASV_12301"
"4381","ASV_12310"
"4382","ASV_12314"
"4383","ASV_12315"
"4384","ASV_12317"
"4385","ASV_12321"
"4386","ASV_12322"
"4387","ASV_12324"
"4388","ASV_12333"
"4389","ASV_12334"
"4390","ASV_12335"
"4391","ASV_12337"
"4392","ASV_12339"
"4393","ASV_12342"
"4394","ASV_12346"
"4395","ASV_12355"
"4396","ASV_12362"
"4397","ASV_12366"
"4398","ASV_12370"
"4399","ASV_12371"
"4400","ASV_12373"
"4401","ASV_12378"
"4402","ASV_12381"
"4403","ASV_12393"
"4404","ASV_12398"
"4405","ASV_12399"
"4406","ASV_12401"
"4407","ASV_12404"
"4408","ASV_12405"
"4409","ASV_12406"
"4410","ASV_12407"
"4411","ASV_12408"
"4412","ASV_12412"
"4413","ASV_12415"
"4414","ASV_12416"
"4415","ASV_12418"
"4416","ASV_12423"
"4417","ASV_12448"
"4418","ASV_12455"
"4419","ASV_12461"
"4420","ASV_12464"
"4421","ASV_12484"
"4422","ASV_12492"
"4423","ASV_12501"
"4424","ASV_12506"
"4425","ASV_12510"
"4426","ASV_12519"
"4427","ASV_12528"
"4428","ASV_12548"
"4429","ASV_12549"
"4430","ASV_12554"
"4431","ASV_12555"
"4432","ASV_12557"
"4433","ASV_12560"
"4434","ASV_12561"
"4435","ASV_12563"
"4436","ASV_12573"
"4437","ASV_12574"
"4438","ASV_12580"
"4439","ASV_12588"
"4440","ASV_12589"
"4441","ASV_12593"
"4442","ASV_12595"
"4443","ASV_12596"
"4444","ASV_12598"
"4445","ASV_12601"
"4446","ASV_12603"
"4447","ASV_12611"
"4448","ASV_12615"
"4449","ASV_12616"
"4450","ASV_12628"
"4451","ASV_12632"
"4452","ASV_12636"
"4453","ASV_12640"
"4454","ASV_12642"
"4455","ASV_12649"
"4456","ASV_12652"
"4457","ASV_12657"
"4458","ASV_12679"
"4459","ASV_12682"
"4460","ASV_12683"
"4461","ASV_12689"
"4462","ASV_12691"
"4463","ASV_12718"
"4464","ASV_12724"
"4465","ASV_12737"
"4466","ASV_12738"
"4467","ASV_12742"
"4468","ASV_12744"
"4469","ASV_12753"
"4470","ASV_12759"
"4471","ASV_12761"
"4472","ASV_12762"
"4473","ASV_12767"
"4474","ASV_12782"
"4475","ASV_12790"
"4476","ASV_12795"
"4477","ASV_12796"
"4478","ASV_12798"
"4479","ASV_12818"
"4480","ASV_12820"
"4481","ASV_12832"
"4482","ASV_12844"
"4483","ASV_12847"
"4484","ASV_12859"
"4485","ASV_12861"
"4486","ASV_12866"
"4487","ASV_12876"
"4488","ASV_12882"
"4489","ASV_12883"
"4490","ASV_12885"
"4491","ASV_12887"
"4492","ASV_12889"
"4493","ASV_12904"
"4494","ASV_12917"
"4495","ASV_12938"
"4496","ASV_12956"
"4497","ASV_12961"
"4498","ASV_12972"
"4499","ASV_12980"
"4500","ASV_12985"
"4501","ASV_12988"
"4502","ASV_12989"
"4503","ASV_12994"
"4504","ASV_12999"
"4505","ASV_13008"
"4506","ASV_13019"
"4507","ASV_13026"
"4508","ASV_13028"
"4509","ASV_13041"
"4510","ASV_13044"
"4511","ASV_13050"
"4512","ASV_13063"
"4513","ASV_13071"
"4514","ASV_13072"
"4515","ASV_13080"
"4516","ASV_13099"
"4517","ASV_13104"
"4518","ASV_13109"
"4519","ASV_13111"
"4520","ASV_13125"
"4521","ASV_13132"
"4522","ASV_13139"
"4523","ASV_13165"
"4524","ASV_13168"
"4525","ASV_13189"
"4526","ASV_13194"
"4527","ASV_13206"
"4528","ASV_13212"
"4529","ASV_13233"
"4530","ASV_13244"
"4531","ASV_13249"
"4532","ASV_13251"
"4533","ASV_13261"
"4534","ASV_13266"
"4535","ASV_13273"
"4536","ASV_13274"
"4537","ASV_13281"
"4538","ASV_13299"
"4539","ASV_13306"
"4540","ASV_13317"
"4541","ASV_13322"
"4542","ASV_13332"
"4543","ASV_13344"
"4544","ASV_13345"
"4545","ASV_13370"
"4546","ASV_13380"
"4547","ASV_13393"
"4548","ASV_13406"
"4549","ASV_13411"
"4550","ASV_13412"
"4551","ASV_13418"
"4552","ASV_13420"
"4553","ASV_13438"
"4554","ASV_13439"
"4555","ASV_13448"
"4556","ASV_13452"
"4557","ASV_13471"
"4558","ASV_13478"
"4559","ASV_13486"
"4560","ASV_13487"
"4561","ASV_13490"
"4562","ASV_13520"
"4563","ASV_13523"
"4564","ASV_13535"
"4565","ASV_13541"
"4566","ASV_13545"
"4567","ASV_13557"
"4568","ASV_13561"
"4569","ASV_13562"
"4570","ASV_13573"
"4571","ASV_13578"
"4572","ASV_13589"
"4573","ASV_13597"
"4574","ASV_13598"
"4575","ASV_13611"
"4576","ASV_13621"
"4577","ASV_13623"
"4578","ASV_13626"
"4579","ASV_13630"
"4580","ASV_13631"
"4581","ASV_13637"
"4582","ASV_13648"
"4583","ASV_13651"
"4584","ASV_13653"
"4585","ASV_13669"
"4586","ASV_13684"
"4587","ASV_13727"
"4588","ASV_13728"
"4589","ASV_13730"
"4590","ASV_13741"
"4591","ASV_13746"
"4592","ASV_13768"
"4593","ASV_13777"
"4594","ASV_13778"
"4595","ASV_13783"
"4596","ASV_13793"
"4597","ASV_13798"
"4598","ASV_13808"
"4599","ASV_13826"
"4600","ASV_13851"
"4601","ASV_13852"
"4602","ASV_13854"
"4603","ASV_13863"
"4604","ASV_13868"
"4605","ASV_13875"
"4606","ASV_13880"
"4607","ASV_13885"
"4608","ASV_13889"
"4609","ASV_13891"
"4610","ASV_13926"
"4611","ASV_13945"
"4612","ASV_13948"
"4613","ASV_13972"
"4614","ASV_13991"
"4615","ASV_14001"
"4616","ASV_14034"
"4617","ASV_14044"
"4618","ASV_14063"
"4619","ASV_14066"
"4620","ASV_14086"
"4621","ASV_14099"
"4622","ASV_14112"
"4623","ASV_14146"
"4624","ASV_14153"
"4625","ASV_14160"
"4626","ASV_14163"
"4627","ASV_14172"
"4628","ASV_14178"
"4629","ASV_14180"
"4630","ASV_14200"
"4631","ASV_14204"
"4632","ASV_14209"
"4633","ASV_14216"
"4634","ASV_14231"
"4635","ASV_14253"
"4636","ASV_14287"
"4637","ASV_14290"
"4638","ASV_14295"
"4639","ASV_14298"
"4640","ASV_14327"
"4641","ASV_14332"
"4642","ASV_14333"
"4643","ASV_14334"
"4644","ASV_14335"
"4645","ASV_14338"
"4646","ASV_14340"
"4647","ASV_14341"
"4648","ASV_14342"
"4649","ASV_14343"
"4650","ASV_14344"
"4651","ASV_14345"
"4652","ASV_14346"
"4653","ASV_14347"
"4654","ASV_14348"
"4655","ASV_14349"
"4656","ASV_14350"
"4657","ASV_14351"
"4658","ASV_14352"
"4659","ASV_14356"
"4660","ASV_14357"
"4661","ASV_14358"
"4662","ASV_14359"
"4663","ASV_14361"
